"","x"
"1","NOC2L"
"2","HES4"
"3","ISG15"
"4","AGRN"
"5","SDF4"
"6","UBE2J2"
"7","PUSL1"
"8","CPSF3L"
"9","DVL1"
"10","AURKAIP1"
"11","CCNL2"
"12","MRPL20"
"13","VWA1"
"14","ATAD3B"
"15","ATAD3A"
"16","SSU72"
"17","MIB2"
"18","CDK11B"
"19","NADK"
"20","GNB1"
"21","RER1"
"22","LRRC47"
"23","C1orf174"
"24","RPL22"
"25","ICMT"
"26","ACOT7"
"27","CAMTA1"
"28","VAMP3"
"29","PARK7"
"30","ERRFI1"
"31","ENO1"
"32","SLC25A33"
"33","CLSTN1"
"34","CTNNBIP1"
"35","LZIC"
"36","PGD"
"37","APITD1"
"38","DFFA"
"39","TARDBP"
"40","SRM"
"41","FBXO2"
"42","MAD2L2"
"43","AGTRAP"
"44","PLOD1"
"45","MIIP"
"46","DHRS3"
"47","EFHD2"
"48","EPHA2"
"49","SZRD1"
"50","NECAP2"
"51","SDHB"
"52","RCC2"
"53","MRTO4"
"54","AKR7A2"
"55","CAPZB"
"56","MINOS1"
"57","NBL1"
"58","CAMK2N1"
"59","DDOST"
"60","HP1BP3"
"61","ECE1"
"62","USP48"
"63","CDC42"
"64","LUZP1"
"65","HNRNPR"
"66","RPL11"
"67","TCEB3"
"68","PITHD1"
"69","LYPLA2"
"70","GALE"
"71","HMGCL"
"72","FUCA1"
"73","PNRC2"
"74","SRSF10"
"75","SRRM1"
"76","SYF2"
"77","TMEM50A"
"78","STMN1"
"79","ZNF593"
"80","SH3BGRL3"
"81","HMGN2"
"82","ARID1A"
"83","ZDHHC18"
"84","SFN"
"85","GPN2"
"86","NUDC"
"87","TMEM222"
"88","WASF2"
"89","RPA2"
"90","DNAJC8"
"91","ATPIF1"
"92","PHACTR4"
"93","RCC1"
"94","TRNAU1AP"
"95","SNHG12"
"96","TAF12"
"97","YTHDF2"
"98","SRSF4"
"99","MECR"
"100","PUM1"
"101","SNRNP40"
"102","ZCCHC17"
"103","SERINC2"
"104","TINAGL1"
"105","PEF1"
"106","PTP4A2"
"107","KHDRBS1"
"108","TMEM39B"
"109","KPNA6"
"110","TXLNA"
"111","EIF3I"
"112","HDAC1"
"113","MARCKSL1"
"114","BSDC1"
"115","ZBTB8OS"
"116","RBBP4"
"117","KIAA1522"
"118","YARS"
"119","TMEM54"
"120","AK2"
"121","PHC2"
"122","SMIM12"
"123","SFPQ"
"124","PSMB2"
"125","CLSPN"
"126","ADPRHL2"
"127","TRAPPC3"
"128","MAP7D1"
"129","THRAP3"
"130","EVA1B"
"131","STK40"
"132","LSM10"
"133","MRPS15"
"134","ZC3H12A"
"135","MEAF6"
"136","GNL2"
"137","C1orf109"
"138","CDCA8"
"139","MANEAL"
"140","YRDC"
"141","C1orf122"
"142","MTF1"
"143","SF3A3"
"144","UTP11L"
"145","RRAGC"
"146","MYCBP"
"147","AKIRIN1"
"148","NDUFS5"
"149","MACF1"
"150","PABPC4"
"151","PPIE"
"152","CAP1"
"153","PPT1"
"154","ZMPSTE24"
"155","NFYC"
"156","CTPS1"
"157","PPCS"
"158","PPIH"
"159","YBX1"
"160","C1orf50"
"161","SLC2A1"
"162","EBNA1BP2"
"163","CDC20"
"164","ELOVL1"
"165","MED8"
"166","HYI"
"167","PTPRF"
"168","ATP6V0B"
"169","B4GALT2"
"170","DMAP1"
"171","ERI3"
"172","RNF220"
"173","KIF2C"
"174","RPS8"
"175","PLK3"
"176","EIF2B3"
"177","UROD"
"178","PRDX1"
"179","AKR1A1"
"180","NASP"
"181","GPBP1L1"
"182","TSPAN1"
"183","POMGNT1"
"184","UQCRH"
"185","MKNK1"
"186","ATPAF1"
"187","CMPK1"
"188","FAF1"
"189","CDKN2C"
"190","RNF11"
"191","OSBPL9"
"192","TXNDC12"
"193","BTF3L4"
"194","PRPF38A"
"195","ZCCHC11"
"196","COA7"
"197","ECHDC2"
"198","SCP2"
"199","C1orf123"
"200","MAGOH"
"201","HSPB11"
"202","LRRC42"
"203","TMEM59"
"204","MRPL37"
"205","DHCR24"
"206","JUN"
"207","TM2D1"
"208","USP1"
"209","ITGB3BP"
"210","PGM1"
"211","JAK1"
"212","AK4"
"213","LEPROT"
"214","MIER1"
"215","SERBP1"
"216","GADD45A"
"217","GNG12"
"218","WLS"
"219","DEPDC1"
"220","SRSF11"
"221","ZRANB2"
"222","CRYZ"
"223","TYW3"
"224","ACADM"
"225","RABGGTB"
"226","PIGK"
"227","FUBP1"
"228","DNAJB4"
"229","RPF1"
"230","GNG5"
"231","C1orf52"
"232","DDAH1"
"233","CYR61"
"234","ODF2L"
"235","SH3GLB1"
"236","LMO4"
"237","PKN2"
"238","GTF2B"
"239","CCBL2"
"240","ZNF326"
"241","ZNF644"
"242","RPL5"
"243","MTF2"
"244","TMED5"
"245","CCDC18"
"246","DR1"
"247","BCAR3"
"248","DNTTIP2"
"249","GCLM"
"250","ARHGAP29"
"251","ABCD3"
"252","F3"
"253","CNN3"
"254","ALG14"
"255","SNX7"
"256","RTCA"
"257","DPH5"
"258","SLC25A24"
"259","PRPF38B"
"260","GPSM2"
"261","RP5-1065J22.8"
"262","SARS"
"263","PSRC1"
"264","PSMA5"
"265","GNAI3"
"266","GSTM3"
"267","AHCYL1"
"268","LAMTOR5"
"269","LRIF1"
"270","DRAM2"
"271","WDR77"
"272","ATP5F1"
"273","RAP1A"
"274","CAPZA1"
"275","RHOC"
"276","RSBN1"
"277","BCAS2"
"278","CSDE1"
"279","SIKE1"
"280","VANGL1"
"281","ATP1A1"
"282","MAN1A2"
"283","PHGDH"
"284","POLR3GL"
"285","GPR89A"
"286","CHD1L"
"287","ACP6"
"288","RP11-14N7.2"
"289","HIST2H2BE"
"290","BOLA1"
"291","SF3B4"
"292","ANP32E"
"293","APH1A"
"294","PRPF3"
"295","MCL1"
"296","ENSA"
"297","CERS2"
"298","CDC42SE1"
"299","SCNM1"
"300","VPS72"
"301","PIP5K1A"
"302","PSMD4"
"303","PSMB4"
"304","SNX27"
"305","MRPL9"
"306","THEM4"
"307","S100A10"
"308","S100A11"
"309","S100A6"
"310","S100A4"
"311","S100A2"
"312","S100A16"
"313","S100A13"
"314","CHTOP"
"315","SNAPIN"
"316","ILF2"
"317","SLC39A1"
"318","JTB"
"319","RAB13"
"320","RPS27"
"321","TPM3"
"322","C1orf43"
"323","UBAP2L"
"324","HAX1"
"325","UBE2Q1"
"326","ADAR"
"327","PMVK"
"328","SHC1"
"329","CKS1B"
"330","FLAD1"
"331","ADAM15"
"332","EFNA4"
"333","SLC50A1"
"334","DPM3"
"335","KRTCAP2"
"336","MTX1"
"337","FAM189B"
"338","SCAMP3"
"339","FDPS"
"340","RUSC1"
"341","ASH1L"
"342","MSTO1"
"343","YY1AP1"
"344","DAP3"
"345","GON4L"
"346","RIT1"
"347","KIAA0907"
"348","SSR2"
"349","LAMTOR2"
"350","LMNA"
"351","PMF1"
"352","SMG5"
"353","CCT3"
"354","APOA1BP"
"355","GPATCH4"
"356","CRABP2"
"357","ISG20L2"
"358","MRPL24"
"359","HDGF"
"360","PRCC"
"361","DUSP23"
"362","TAGLN2"
"363","IGSF8"
"364","PEA15"
"365","COPA"
"366","F11R"
"367","PFDN2"
"368","NIT1"
"369","UFC1"
"370","B4GALT3"
"371","NDUFS2"
"372","SDHC"
"373","DUSP12"
"374","UHMK1"
"375","UAP1"
"376","NUF2"
"377","MGST3"
"378","ALDH9A1"
"379","TMCO1"
"380","UCK2"
"381","CREG1"
"382","MPZL1"
"383","MPC2"
"384","DCAF6"
"385","TIPRL"
"386","ATP1B1"
"387","NME7"
"388","PRRC2C"
"389","PIGC"
"390","PRDX6"
"391","CENPL"
"392","CACYBP"
"393","MRPS14"
"394","RASAL2"
"395","TOR3A"
"396","ABL2"
"397","TOR1AIP2"
"398","CEP350"
"399","QSOX1"
"400","IER5"
"401","GLUL"
"402","DHX9"
"403","LAMC1"
"404","ARPC5"
"405","TSEN15"
"406","IVNS1ABP"
"407","TPR"
"408","C1orf27"
"409","RGS2"
"410","UCHL5"
"411","TROVE2"
"412","GLRX2"
"413","CDC73"
"414","ASPM"
"415","C1orf53"
"416","TMEM9"
"417","PHLDA3"
"418","CSRP1"
"419","IPO9"
"420","TIMM17A"
"421","RNPEP"
"422","UBE2T"
"423","RABIF"
"424","ADIPOR1"
"425","TMEM183A"
"426","ZC3H11A"
"427","SNRPE"
"428","DSTYK"
"429","NUCKS1"
"430","EIF2D"
"431","MAPKAPK2"
"432","CD55"
"433","CD46"
"434","LAMB3"
"435","G0S2"
"436","SERTAD4-AS1"
"437","NEK2"
"438","LPGAT1"
"439","PPP2R5A"
"440","NENF"
"441","ATF3"
"442","NSL1"
"443","SMYD2"
"444","PTPN14"
"445","CENPF"
"446","RRP15"
"447","LYPLAL1"
"448","EPRS"
"449","IARS2"
"450","AIDA"
"451","CAPN2"
"452","DEGS1"
"453","CNIH4"
"454","LBR"
"455","ENAH"
"456","SRP9"
"457","EPHX1"
"458","PYCR2"
"459","H3F3A"
"460","ACBD3"
"461","PARP1"
"462","CDC42BPA"
"463","SNAP47"
"464","ARF1"
"465","C1orf35"
"466","MRPL55"
"467","GUK1"
"468","RNF187"
"469","RAB4A"
"470","GALNT2"
"471","ARV1"
"472","FAM89A"
"473","C1orf131"
"474","GNPAT"
"475","EGLN1"
"476","RP11-295G20.2"
"477","TSNAX"
"478","NTPCR"
"479","KCNK1"
"480","RP5-827C21.4"
"481","COA6"
"482","IRF2BP2"
"483","TOMM20"
"484","ARID4B"
"485","GGPS1"
"486","LGALS8"
"487","FH"
"488","OPN3"
"489","SDCCAG8"
"490","ADSS"
"491","DESI2"
"492","COX20"
"493","HNRNPU"
"494","EFCAB2"
"495","SMYD3"
"496","TFB2M"
"497","SCCPDH"
"498","SH3BP5L"
"499","SH3YL1"
"500","ACP1"
"501","TMEM18"
"502","TSSC1"
"503","ADI1"
"504","RNASEH1"
"505","RNASEH1-AS1"
"506","RPS7"
"507","ID2"
"508","MBOAT2"
"509","ASAP2"
"510","ITGB1BP1"
"511","CPSF3"
"512","IAH1"
"513","YWHAQ"
"514","RRM2"
"515","HPCAL1"
"516","ODC1"
"517","NOL10"
"518","PDIA6"
"519","ROCK2"
"520","E2F6"
"521","LPIN1"
"522","TRIB2"
"523","DDX1"
"524","SMC6"
"525","RDH14"
"526","LAPTM4A"
"527","SDC1"
"528","RHOB"
"529","UBXN2A"
"530","TP53I3"
"531","ITSN2"
"532","PTRHD1"
"533","RAB10"
"534","HADHA"
"535","HADHB"
"536","EPT1"
"537","CENPA"
"538","TMEM214"
"539","OST4"
"540","PREB"
"541","SLC5A6"
"542","ATRAID"
"543","CAD"
"544","MPV17"
"545","GTF3C2"
"546","EIF2B4"
"547","SNX17"
"548","PPM1G"
"549","NRBP1"
"550","GPN1"
"551","SLC4A1AP"
"552","MRPL33"
"553","BRE"
"554","FOSL2"
"555","PPP1CB"
"556","WDR43"
"557","YPEL5"
"558","DPY30"
"559","YIPF4"
"560","FAM98A"
"561","RP11-490M8.1"
"562","CRIM1"
"563","FEZ2"
"564","GPATCH11"
"565","EIF2AK2"
"566","CEBPZ"
"567","CDC42EP3"
"568","CYP1B1"
"569","HNRNPLL"
"570","SRSF7"
"571","GEMIN6"
"572","MORN2"
"573","THUMPD2"
"574","EML4"
"575","COX7A2L"
"576","MTA3"
"577","ZFP36L2"
"578","LRPPRC"
"579","EPAS1"
"580","ATP6V1E2"
"581","PIGF"
"582","CRIPT"
"583","MCFD2"
"584","CALM2"
"585","MSH2"
"586","MSH6"
"587","CHAC2"
"588","ERLEC1"
"589","ACYP2"
"590","SPTBN1"
"591","RTN4"
"592","RPS27A"
"593","MTIF2"
"594","CCDC88A"
"595","PNPT1"
"596","VRK2"
"597","FANCL"
"598","REL"
"599","PEX13"
"600","USP34"
"601","XPO1"
"602","FAM161A"
"603","CCT4"
"604","COMMD1"
"605","MDH1"
"606","UGP2"
"607","RAB1A"
"608","ACTR2"
"609","C1D"
"610","PNO1"
"611","GFPT1"
"612","NFU1"
"613","AAK1"
"614","ANXA4"
"615","GMCL1"
"616","SNRNP27"
"617","MXD1"
"618","PCBP1"
"619","TIA1"
"620","PCYOX1"
"621","SNRPG"
"622","FAM136A"
"623","TEX261"
"624","NAGK"
"625","MPHOSPH10"
"626","SPR"
"627","PRADC1"
"628","CCT7"
"629","TPRKB"
"630","DUSP11"
"631","STAMBP"
"632","DGUOK"
"633","BOLA3"
"634","MOB1A"
"635","MTHFD2"
"636","WDR54"
"637","MRPL53"
"638","AUP1"
"639","HTRA2"
"640","POLE4"
"641","MRPL19"
"642","GCFC2"
"643","SUCLG1"
"644","TMSB10"
"645","KCMF1"
"646","TGOLN2"
"647","CAPG"
"648","MAT2A"
"649","GGCX"
"650","VAMP8"
"651","RNF181"
"652","USP39"
"653","ST3GAL5"
"654","PTCD3"
"655","IMMT"
"656","MRPL35"
"657","CHMP3"
"658","LINC00152"
"659","KRCC1"
"660","RPIA"
"661","MRPS5"
"662","FAHD2A"
"663","STARD7"
"664","CIAO1"
"665","SNRNP200"
"666","NCAPH"
"667","ANKRD39"
"668","COX5B"
"669","ACTR1B"
"670","COA5"
"671","UNC50"
"672","MITD1"
"673","TXNDC9"
"674","EIF5B"
"675","REV1"
"676","PDCL3"
"677","RPL31"
"678","CNOT11"
"679","RNF149"
"680","MAP4K4"
"681","MRPS9"
"682","FHL2"
"683","UXS1"
"684","GCC2"
"685","LIMS1"
"686","RANBP2"
"687","CCDC138"
"688","LINC00116"
"689","BUB1"
"690","RP11-803D5.4"
"691","ZC3H8"
"692","TTL"
"693","CHCHD5"
"694","SLC20A1"
"695","CKAP2L"
"696","SLC35F5"
"697","ACTR3"
"698","DDX18"
"699","INSIG2"
"700","DBI"
"701","TMEM177"
"702","RALB"
"703","NIFK"
"704","TSN"
"705","BIN1"
"706","IWS1"
"707","WDR33"
"708","POLR2D"
"709","SMPD4"
"710","MZT2B"
"711","CCDC115"
"712","IMP4"
"713","FAM168B"
"714","PLEKHB2"
"715","MZT2A"
"716","UBXN4"
"717","MCM6"
"718","DARS"
"719","ORC4"
"720","MMADHC"
"721","NMI"
"722","RIF1"
"723","ARL5A"
"724","PRPF40A"
"725","ARL6IP6"
"726","NR4A2"
"727","PKP4"
"728","RBMS1"
"729","TANK"
"730","PSMD14"
"731","GCA"
"732","SPC25"
"733","PPIG"
"734","KLHL23"
"735","SSB"
"736","METTL5"
"737","AC007405.6"
"738","GAD1"
"739","GORASP2"
"740","METTL8"
"741","DYNC1I2"
"742","HAT1"
"743","CDCA7"
"744","OLA1"
"745","CIR1"
"746","ATP5G3"
"747","MTX2"
"748","HNRNPA3"
"749","NFE2L2"
"750","AGPS"
"751","PRKRA"
"752","PLEKHA3"
"753","UBE2E3"
"754","DNAJC10"
"755","NCKAP1"
"756","NUP35"
"757","ZC3H15"
"758","GULP1"
"759","ASNSD1"
"760","ORMDL1"
"761","HIBCH"
"762","INPP1"
"763","GLS"
"764","NABP1"
"765","SF3B1"
"766","COQ10B"
"767","HSPD1"
"768","HSPE1"
"769","MOB4"
"770","C2orf69"
"771","C2orf47"
"772","SPATS2L"
"773","SGOL2"
"774","BZW1"
"775","NIF3L1"
"776","NDUFB3"
"777","CFLAR"
"778","CASP8"
"779","STRADB"
"780","TMEM237"
"781","SUMO1"
"782","NOP58"
"783","WDR12"
"784","NBEAL1"
"785","ABI2"
"786","NRP2"
"787","NDUFS1"
"788","EEF1B2"
"789","FASTKD2"
"790","METTL21A"
"791","IDH1"
"792","RPE"
"793","SPAG16"
"794","BARD1"
"795","ATIC"
"796","XRCC5"
"797","RPL37A"
"798","IGFBP2"
"799","ARPC2"
"800","AAMP"
"801","PNKD"
"802","TMBIM1"
"803","CTDSP1"
"804","BCS1L"
"805","FAM134A"
"806","ZFAND2B"
"807","STK16"
"808","TUBA4A"
"809","DNAJB2"
"810","DNPEP"
"811","CHPF"
"812","FARSB"
"813","ACSL3"
"814","MRPL44"
"815","CUL3"
"816","IRS1"
"817","MFF"
"818","AGFG1"
"819","SP100"
"820","ITM2C"
"821","PSMD1"
"822","NCL"
"823","PTMA"
"824","EIF4E2"
"825","GIGYF2"
"826","HJURP"
"827","SH3BP4"
"828","COPS8"
"829","MLPH"
"830","LRRFIP1"
"831","UBE2F"
"832","SCLY"
"833","ILKAP"
"834","HES6"
"835","NDUFA10"
"836","MYEOV2"
"837","GPC1"
"838","RNPEPL1"
"839","PPP1R7"
"840","HDLBP"
"841","STK25"
"842","BOK"
"843","THAP4"
"844","ATG4B"
"845","DTYMK"
"846","CRBN"
"847","SUMF1"
"848","BHLHE40"
"849","ARL8B"
"850","THUMPD3"
"851","SETD5"
"852","CAMK1"
"853","TADA3"
"854","ARPC4"
"855","RPUSD3"
"856","JAGN1"
"857","EMC3"
"858","BRK1"
"859","SEC13"
"860","VGLL4"
"861","PPARG"
"862","RPL32"
"863","CHCHD4"
"864","XPC"
"865","LSM3"
"866","SLC6A6"
"867","CCDC174"
"868","FGD5-AS1"
"869","MRPS25"
"870","ANKRD28"
"871","DPH3"
"872","RAB5A"
"873","SGOL1"
"874","UBE2E2"
"875","UBE2E1"
"876","RPL15"
"877","NGLY1"
"878","CMC1"
"879","AZI2"
"880","STT3B"
"881","CMTM8"
"882","CMTM7"
"883","CMTM6"
"884","DYNC1LI1"
"885","CRTAP"
"886","PDCD6IP"
"887","MLH1"
"888","LRRFIP2"
"889","GOLGA4"
"890","CTDSPL"
"891","ACAA1"
"892","CSRNP1"
"893","SLC25A38"
"894","RPSA"
"895","EIF1B"
"896","RPL14"
"897","SEC22C"
"898","SS18L2"
"899","NKTR"
"900","HIGD1A"
"901","ABHD5"
"902","KIAA1143"
"903","TMEM42"
"904","ZDHHC3"
"905","EXOSC7"
"906","CDCP1"
"907","CCDC12"
"908","KIF9"
"909","ELP6"
"910","SMARCC1"
"911","DHX30"
"912","MAP4"
"913","NME6"
"914","CCDC51"
"915","TMA7"
"916","SHISA5"
"917","UQCRC1"
"918","IP6K2"
"919","PRKAR2A"
"920","ARIH2"
"921","P4HTM"
"922","WDR6"
"923","DALRD3"
"924","NDUFAF3"
"925","IMPDH2"
"926","QARS"
"927","LAMB2"
"928","GPX1"
"929","RHOA"
"930","DAG1"
"931","APEH"
"932","GNAI2"
"933","IFRD2"
"934","HYAL2"
"935","TUSC2"
"936","RASSF1"
"937","NPRL2"
"938","CYB561D2"
"939","TMEM115"
"940","MAPKAPK3"
"941","MANF"
"942","TEX264"
"943","RRP9"
"944","PCBP4"
"945","ABHD14B"
"946","ABHD14A"
"947","RPL29"
"948","POC1A"
"949","ALAS1"
"950","TWF2"
"951","PHF7"
"952","NT5DC2"
"953","SMIM4"
"954","GNL3"
"955","GLT8D1"
"956","SPCS1"
"957","RFT1"
"958","TKT"
"959","SELK"
"960","APPL1"
"961","ARF4"
"962","SLMAP"
"963","FLNB"
"964","PDHB"
"965","C3orf14"
"966","THOC7"
"967","PSMD6"
"968","SLC25A26"
"969","SUCLG2"
"970","TMF1"
"971","UBA3"
"972","ARL6IP5"
"973","FOXP1"
"974","PPP4R2"
"975","CHMP2B"
"976","CGGBP1"
"977","DCBLD2"
"978","CMSS1"
"979","NIT2"
"980","TFG"
"981","TRMT10C"
"982","PCNP"
"983","RPL24"
"984","NFKBIZ"
"985","BBX"
"986","CD47"
"987","IFT57"
"988","KIAA1524"
"989","ZBED2"
"990","PHLDB2"
"991","ATG3"
"992","CCDC80"
"993","GTPBP8"
"994","NAA50"
"995","ATP6V1A"
"996","TIMMDC1"
"997","COX17"
"998","GSK3B"
"999","LRRC58"
"1000","NDUFB4"
"1001","GOLGB1"
"1002","CCDC58"
"1003","FAM162A"
"1004","UMPS"
"1005","ITGB5"
"1006","ZNF148"
"1007","SNX4"
"1008","CHCHD6"
"1009","TPRA1"
"1010","MCM2"
"1011","PODXL2"
"1012","SEC61A1"
"1013","RUVBL1"
"1014","RPN1"
"1015","RAB7A"
"1016","ISY1"
"1017","CNBP"
"1018","HMCES"
"1019","H1FX"
"1020","MBD4"
"1021","NUDT16"
"1022","MRPL3"
"1023","UBA5"
"1024","CDV3"
"1025","SRPRB"
"1026","AMOTL2"
"1027","ANAPC13"
"1028","CEP63"
"1029","PCCB"
"1030","NCK1"
"1031","FAIM"
"1032","MRPS22"
"1033","COPB2"
"1034","SLC25A36"
"1035","ZBTB38"
"1036","RNF7"
"1037","ATP1B3"
"1038","TFDP2"
"1039","U2SURP"
"1040","PLSCR1"
"1041","GYG1"
"1042","HLTF"
"1043","TM4SF1"
"1044","WWTR1"
"1045","COMMD2"
"1046","RNF13"
"1047","PFN2"
"1048","SERP1"
"1049","EIF2A"
"1050","SELT"
"1051","SIAH2"
"1052","MBNL1"
"1053","DHX36"
"1054","GMPS"
"1055","SSR3"
"1056","TIPARP"
"1057","CCNL1"
"1058","RSRC1"
"1059","MLF1"
"1060","GFM1"
"1061","LXN"
"1062","MFSD1"
"1063","SMC4"
"1064","KPNA4"
"1065","NMD3"
"1066","PDCD10"
"1067","SEC62"
"1068","RPL22L1"
"1069","EIF5A2"
"1070","NCEH1"
"1071","ECT2"
"1072","TBL1XR1"
"1073","ZNF639"
"1074","ACTL6A"
"1075","MRPL47"
"1076","NDUFB5"
"1077","FXR1"
"1078","DNAJC19"
"1079","PARL"
"1080","EIF2B5"
"1081","AP2M1"
"1082","ALG3"
"1083","ECE2"
"1084","PSMD2"
"1085","EIF4G1"
"1086","POLR2H"
"1087","MAGEF1"
"1088","MAP3K13"
"1089","TMEM41A"
"1090","IGF2BP2"
"1091","TRA2B"
"1092","DNAJB11"
"1093","EIF4A2"
"1094","RFC4"
"1095","LPP"
"1096","CCDC50"
"1097","HES1"
"1098","PPP1R2"
"1099","LINC00969"
"1100","TFRC"
"1101","TCTEX1D2"
"1102","PIGX"
"1103","PAK2"
"1104","NCBP2"
"1105","NCBP2-AS2"
"1106","DLG1"
"1107","BDH1"
"1108","FYTTD1"
"1109","RPL35A"
"1110","ATP5I"
"1111","PCGF3"
"1112","CTBP1"
"1113","MAEA"
"1114","SLBP"
"1115","TMEM129"
"1116","TACC3"
"1117","LETM1"
"1118","WHSC1"
"1119","NELFA"
"1120","C4orf48"
"1121","MXD4"
"1122","RNF4"
"1123","TNIP2"
"1124","ADD1"
"1125","MFSD10"
"1126","LRPAP1"
"1127","TMEM128"
"1128","LYAR"
"1129","STX18"
"1130","MRFAP1"
"1131","AC093323.3"
"1132","MRFAP1L1"
"1133","BLOC1S4"
"1134","GRPEL1"
"1135","WDR1"
"1136","RAB28"
"1137","BOD1L1"
"1138","FAM200B"
"1139","QDPR"
"1140","LAP3"
"1141","MED28"
"1142","NCAPG"
"1143","DHX15"
"1144","SMIM20"
"1145","RBPJ"
"1146","PGM2"
"1147","KLF3"
"1148","FAM114A1"
"1149","KLHL5"
"1150","RFC1"
"1151","RPL9"
"1152","UGDH"
"1153","SMIM14"
"1154","UBE2K"
"1155","PDS5A"
"1156","TMEM33"
"1157","SLC30A9"
"1158","COMMD8"
"1159","NFXL1"
"1160","OCIAD1"
"1161","OCIAD2"
"1162","SGCB"
"1163","FIP1L1"
"1164","SRD5A3"
"1165","TMEM165"
"1166","PPAT"
"1167","PAICS"
"1168","SRP72"
"1169","REST"
"1170","NOA1"
"1171","YTHDC1"
"1172","UTP3"
"1173","GRSF1"
"1174","DCK"
"1175","MTHFD2L"
"1176","RCHY1"
"1177","SDAD1"
"1178","NUP54"
"1179","SCARB2"
"1180","CCNI"
"1181","MRPL1"
"1182","HNRNPD"
"1183","HNRNPDL"
"1184","ENOPH1"
"1185","THAP9-AS1"
"1186","COPS4"
"1187","COQ2"
"1188","MRPS18C"
"1189","HSD17B11"
"1190","NUDT9"
"1191","PYURF"
"1192","PDLIM5"
"1193","EIF4E"
"1194","METAP1"
"1195","ADH5"
"1196","H2AFZ"
"1197","SLC39A8"
"1198","UBE2D3"
"1199","CISD2"
"1200","CENPE"
"1201","PPA2"
"1202","AIMP1"
"1203","HADH"
"1204","RPL34"
"1205","OSTC"
"1206","CCDC109B"
"1207","CASP6"
"1208","PLA2G12A"
"1209","GAR1"
"1210","C4orf32"
"1211","LARP7"
"1212","SNHG8"
"1213","C4orf3"
"1214","MAD2L1"
"1215","ANXA5"
"1216","EXOSC9"
"1217","CCNA2"
"1218","LARP1B"
"1219","PGRMC2"
"1220","NDUFC1"
"1221","NAA15"
"1222","SCOC"
"1223","ZNF330"
"1224","SMARCA5"
"1225","ANAPC10"
"1226","ABCE1"
"1227","LSM6"
"1228","RPS3A"
"1229","MND1"
"1230","PLRG1"
"1231","MAP9"
"1232","PPID"
"1233","TMA16"
"1234","TMEM192"
"1235","MSMO1"
"1236","CPE"
"1237","PALLD"
"1238","C4orf27"
"1239","HMGB2"
"1240","SAP30"
"1241","SPCS3"
"1242","DCTD"
"1243","ING2"
"1244","RWDD4"
"1245","CENPU"
"1246","ACSL1"
"1247","SLC25A4"
"1248","ANKRD37"
"1249","FAT1"
"1250","FRG1"
"1251","CCDC127"
"1252","SDHA"
"1253","PDCD6"
"1254","BRD9"
"1255","TRIP13"
"1256","SLC12A7"
"1257","CLPTM1L"
"1258","LPCAT1"
"1259","MRPL36"
"1260","NDUFS6"
"1261","MED10"
"1262","NSUN2"
"1263","SRD5A1"
"1264","MIR4458HG"
"1265","SNHG18"
"1266","CCT5"
"1267","DAP"
"1268","TRIO"
"1269","FAM105A"
"1270","ZNF622"
"1271","MYO10"
"1272","BASP1"
"1273","ZFR"
"1274","SUB1"
"1275","TARS"
"1276","RAI14"
"1277","RAD1"
"1278","BRIX1"
"1279","DNAJC21"
"1280","SKP2"
"1281","NIPBL"
"1282","WDR70"
"1283","RPL37"
"1284","OXCT1"
"1285","ZNF131"
"1286","PAIP1"
"1287","NNT-AS1"
"1288","MRPS30"
"1289","PELO"
"1290","MOCS2"
"1291","NDUFS4"
"1292","GPX8"
"1293","CCNO"
"1294","DHX29"
"1295","SKIV2L2"
"1296","GPBP1"
"1297","PLK2"
"1298","DEPDC1B"
"1299","NDUFAF2"
"1300","SMIM15"
"1301","KIF2A"
"1302","DIMT1"
"1303","SREK1IP1"
"1304","CWC27"
"1305","CENPK"
"1306","ERBB2IP"
"1307","SREK1"
"1308","MAST4"
"1309","SLC30A5"
"1310","CCNB1"
"1311","CENPH"
"1312","MRPS36"
"1313","CDK7"
"1314","RAD17"
"1315","GTF2H2"
"1316","BDP1"
"1317","MCCC2"
"1318","MAP1B"
"1319","MRPS27"
"1320","TNPO1"
"1321","BTF3"
"1322","UTP15"
"1323","ENC1"
"1324","HEXB"
"1325","NSA2"
"1326","F2RL1"
"1327","AGGF1"
"1328","WDR41"
"1329","TBCA"
"1330","AP3B1"
"1331","HOMER1"
"1332","CTD-2015H6.3"
"1333","DHFR"
"1334","ZCCHC9"
"1335","ATG10"
"1336","RPS23"
"1337","TMEM167A"
"1338","COX7C"
"1339","CCNH"
"1340","CETN3"
"1341","POLR3G"
"1342","NR2F1"
"1343","FAM172A"
"1344","RHOBTB3"
"1345","GLRX"
"1346","CAST"
"1347","RIOK2"
"1348","CHD1"
"1349","FAM174A"
"1350","C5orf30"
"1351","EPB41L4A-AS1"
"1352","SRP19"
"1353","REEP5"
"1354","DCP2"
"1355","CCDC112"
"1356","TMED7"
"1357","ATG12"
"1358","AP3S1"
"1359","COMMD10"
"1360","HSD17B4"
"1361","SNX2"
"1362","SNX24"
"1363","PPIC"
"1364","CSNK1G3"
"1365","ALDH7A1"
"1366","PHAX"
"1367","LMNB1"
"1368","ISOC1"
"1369","HINT1"
"1370","LYRM7"
"1371","P4HA2"
"1372","IRF1"
"1373","RAD50"
"1374","KIF3A"
"1375","UQCRQ"
"1376","AFF4"
"1377","ZCCHC10"
"1378","HSPA4"
"1379","C5orf15"
"1380","VDAC1"
"1381","TCF7"
"1382","SKP1"
"1383","PPP2CA"
"1384","UBE2B"
"1385","CDKN2AIPNL"
"1386","SAR1B"
"1387","CAMLG"
"1388","DDX46"
"1389","C5orf24"
"1390","TXNDC15"
"1391","PCBD2"
"1392","PITX1"
"1393","H2AFY"
"1394","TGFBI"
"1395","SMAD5"
"1396","HNRNPA0"
"1397","BRD8"
"1398","CDC23"
"1399","CDC25C"
"1400","FAM53C"
"1401","EGR1"
"1402","ETF1"
"1403","HSPA9"
"1404","CTNNA1"
"1405","SIL1"
"1406","PAIP2"
"1407","UBE2D2"
"1408","CXXC5"
"1409","PURA"
"1410","CYSTM1"
"1411","PFDN1"
"1412","HBEGF"
"1413","SRA1"
"1414","SLC35A4"
"1415","NDUFA2"
"1416","IK"
"1417","HARS"
"1418","ZMAT2"
"1419","TAF7"
"1420","DIAPH1"
"1421","HDAC3"
"1422","RNF14"
"1423","GNPDA1"
"1424","NDFIP1"
"1425","NR3C1"
"1426","YIPF5"
"1427","SH3RF2"
"1428","LARS"
"1429","TCERG1"
"1430","CSNK1A1"
"1431","HMGXB3"
"1432","TCOF1"
"1433","RPS14"
"1434","RBM22"
"1435","TNIP1"
"1436","ATOX1"
"1437","G3BP1"
"1438","LARP1"
"1439","MRPL22"
"1440","THG1L"
"1441","CLINT1"
"1442","RNF145"
"1443","UBLCP1"
"1444","TTC1"
"1445","SLU7"
"1446","PTTG1"
"1447","CCNG1"
"1448","NUDCD2"
"1449","HMMR"
"1450","MAT2B"
"1451","WWC1"
"1452","RARS"
"1453","SPDL1"
"1454","NPM1"
"1455","DUSP1"
"1456","ERGIC1"
"1457","RPL26L1"
"1458","ATP6V0E1"
"1459","BNIP1"
"1460","STC2"
"1461","BOD1"
"1462","SFXN1"
"1463","THOC3"
"1464","KIAA1191"
"1465","NOP16"
"1466","HIGD2A"
"1467","CLTB"
"1468","FAF2"
"1469","TSPAN17"
"1470","NSD1"
"1471","MXD3"
"1472","PRELID1"
"1473","LMAN2"
"1474","RGS14"
"1475","F12"
"1476","GRK6"
"1477","PRR7"
"1478","DBN1"
"1479","PDLIM7"
"1480","DDX41"
"1481","TMED9"
"1482","B4GALT7"
"1483","RMND5B"
"1484","NHP2"
"1485","HNRNPAB"
"1486","ZNF354A"
"1487","RUFY1"
"1488","HNRNPH1"
"1489","CANX"
"1490","MGAT4B"
"1491","SQSTM1"
"1492","TBC1D9B"
"1493","RNF130"
"1494","MAPK9"
"1495","CTB-129O4.1"
"1496","MGAT1"
"1497","TRIM7"
"1498","GNB2L1"
"1499","GMDS"
"1500","SERPINB1"
"1501","SERPINB6"
"1502","NQO2"
"1503","TUBB2A"
"1504","PSMG4"
"1505","PRPF4B"
"1506","ECI2"
"1507","RPP40"
"1508","LYRM4"
"1509","SSR1"
"1510","RIOK1"
"1511","DSP"
"1512","SNRNP48"
"1513","EEF1E1"
"1514","PAK1IP1"
"1515","TMEM14C"
"1516","TMEM14B"
"1517","EDN1"
"1518","TBC1D7"
"1519","NOL7"
"1520","MCUR1"
"1521","TPMT"
"1522","DEK"
"1523","SOX4"
"1524","MRS2"
"1525","TDP2"
"1526","ACOT13"
"1527","GMNN"
"1528","HIST1H1C"
"1529","HIST1H4C"
"1530","HIST1H2BC"
"1531","HIST1H2AC"
"1532","HIST1H2BD"
"1533","ABT1"
"1534","HIST1H2BJ"
"1535","RP1-313I6.12"
"1536","TRIM27"
"1537","HLA-A"
"1538","ZNRD1"
"1539","PPP1R11"
"1540","RPP21"
"1541","HLA-E"
"1542","GNL1"
"1543","ABCF1"
"1544","PPP1R10"
"1545","MRPS18B"
"1546","TUBB"
"1547","FLOT1"
"1548","IER3"
"1549","HLA-C"
"1550","HLA-B"
"1551","MICA"
"1552","NFKBIL1"
"1553","PRRC2A"
"1554","BAG6"
"1555","GPANK1"
"1556","CSNK2B"
"1557","DDAH2"
"1558","CLIC1"
"1559","VARS"
"1560","LSM2"
"1561","HSPA1A"
"1562","HSPA1B"
"1563","C6orf48"
"1564","NEU1"
"1565","NELFE"
"1566","ATF6B"
"1567","AGPAT1"
"1568","RNF5"
"1569","PSMB8"
"1570","PSMB9"
"1571","BRD2"
"1572","SLC39A7"
"1573","HSD17B8"
"1574","RPS18"
"1575","WDR46"
"1576","PFDN6"
"1577","TAPBP"
"1578","DAXX"
"1579","KIFC1"
"1580","CUTA"
"1581","UQCC2"
"1582","HMGA1"
"1583","C6orf1"
"1584","NUDT3"
"1585","RPS10"
"1586","SNRPC"
"1587","TAF11"
"1588","PPARD"
"1589","RPL10A"
"1590","SRPK1"
"1591","KCTD20"
"1592","SRSF3"
"1593","CDKN1A"
"1594","PPIL1"
"1595","C6orf89"
"1596","MTCH1"
"1597","PIM1"
"1598","RNF8"
"1599","CCDC167"
"1600","ZFAND3"
"1601","GLO1"
"1602","SAYSD1"
"1603","OARD1"
"1604","BYSL"
"1605","CCND3"
"1606","TAF8"
"1607","C6orf132"
"1608","MRPS10"
"1609","TBCC"
"1610","RPL7L1"
"1611","C6orf226"
"1612","CNPY3"
"1613","MEA1"
"1614","KLHDC3"
"1615","RRP36"
"1616","MRPL2"
"1617","DNPH1"
"1618","POLR1C"
"1619","YIPF3"
"1620","MAD2L1BP"
"1621","MRPS18A"
"1622","MRPL14"
"1623","SLC29A1"
"1624","HSP90AB1"
"1625","SLC35B2"
"1626","CDC5L"
"1627","MCM3"
"1628","TMEM14A"
"1629","FBXO9"
"1630","ELOVL5"
"1631","GCLC"
"1632","DST"
"1633","BAG2"
"1634","PTP4A1"
"1635","SMAP1"
"1636","OGFRL1"
"1637","EEF1A1"
"1638","COX7A2"
"1639","TMEM30A"
"1640","SENP6"
"1641","MYO6"
"1642","PHIP"
"1643","HMGN3"
"1644","TTK"
"1645","TPBG"
"1646","ME1"
"1647","CYB5R4"
"1648","NT5E"
"1649","SYNCRIP"
"1650","ZNF292"
"1651","RARS2"
"1652","AKIRIN2"
"1653","PNRC1"
"1654","UBE2J1"
"1655","LYRM2"
"1656","UFL1"
"1657","NDUFAF4"
"1658","COQ3"
"1659","PNISR"
"1660","CCNC"
"1661","ATG5"
"1662","SEC63"
"1663","SNX3"
"1664","FOXO3"
"1665","CEP57L1"
"1666","CD164"
"1667","CDC40"
"1668","AMD1"
"1669","GTF3C6"
"1670","RPF2"
"1671","FAM229B"
"1672","HDAC2"
"1673","NT5DC1"
"1674","RWDD1"
"1675","GOPC"
"1676","NUS1"
"1677","ASF1A"
"1678","HDDC2"
"1679","NCOA7"
"1680","CENPW"
"1681","ECHDC1"
"1682","ARHGAP18"
"1683","CTGF"
"1684","STX7"
"1685","RPS12"
"1686","TBPL1"
"1687","HBS1L"
"1688","AHI1"
"1689","BCLAF1"
"1690","IFNGR1"
"1691","PERP"
"1692","HEBP2"
"1693","ABRACL"
"1694","CITED2"
"1695","AIG1"
"1696","FUCA2"
"1697","PHACTR2"
"1698","LTV1"
"1699","SF3B5"
"1700","RAB32"
"1701","PPIL4"
"1702","GINM1"
"1703","KATNA1"
"1704","PCMT1"
"1705","MTHFD1L"
"1706","AKAP12"
"1707","FBXO5"
"1708","MTRF1L"
"1709","TFB1M"
"1710","TMEM242"
"1711","SNX9"
"1712","GTF2H5"
"1713","DYNLT1"
"1714","EZR"
"1715","SOD2"
"1716","WTAP"
"1717","ACAT2"
"1718","TCP1"
"1719","MRPL18"
"1720","SFT2D1"
"1721","MPC1"
"1722","RNASET2"
"1723","MLLT4"
"1724","PHF10"
"1725","PSMB1"
"1726","PDCD2"
"1727","PRKAR1B"
"1728","SUN1"
"1729","ADAP1"
"1730","COX19"
"1731","C7orf50"
"1732","ZFAND2A"
"1733","INTS1"
"1734","MAFK"
"1735","PSMG3"
"1736","MAD1L1"
"1737","FTSJ2"
"1738","NUDT1"
"1739","SNX8"
"1740","EIF3B"
"1741","CHST12"
"1742","RBAK-RBAKDN"
"1743","WIPI2"
"1744","ACTB"
"1745","FSCN1"
"1746","RNF216"
"1747","CCZ1"
"1748","AIMP2"
"1749","EIF2AK1"
"1750","RAC1"
"1751","KDELR2"
"1752","ZDHHC4"
"1753","C1GALT1"
"1754","MIOS"
"1755","RPA3"
"1756","ICA1"
"1757","NDUFA4"
"1758","PHF14"
"1759","TMEM106B"
"1760","ARL4A"
"1761","BZW2"
"1762","TWISTNB"
"1763","CDCA7L"
"1764","TOMM7"
"1765","FAM126A"
"1766","NUPL2"
"1767","MALSU1"
"1768","TRA2A"
"1769","MPP6"
"1770","OSBPL3"
"1771","CYCS"
"1772","HNRNPA2B1"
"1773","CBX3"
"1774","SKAP2"
"1775","HIBADH"
"1776","TAX1BP1"
"1777","SCRN1"
"1778","GGCT"
"1779","GARS"
"1780","LSM5"
"1781","NT5C3A"
"1782","RP9"
"1783","ANLN"
"1784","STARD3NL"
"1785","RALA"
"1786","MPLKIP"
"1787","MRPL32"
"1788","STK17A"
"1789","COA1"
"1790","BLVRA"
"1791","UBE2D4"
"1792","DBNL"
"1793","POLM"
"1794","POLD2"
"1795","YKT6"
"1796","DDX56"
"1797","TMED4"
"1798","PPIA"
"1799","H2AFV"
"1800","SNHG15"
"1801","CCM2"
"1802","TBRG4"
"1803","HUS1"
"1804","UPP1"
"1805","SEC61G"
"1806","VOPP1"
"1807","GBAS"
"1808","PSPH"
"1809","CCT6A"
"1810","SUMF2"
"1811","CHCHD2"
"1812","ZNF680"
"1813","ZNF273"
"1814","ZNF117"
"1815","ERV3-1"
"1816","VKORC1L1"
"1817","GUSB"
"1818","ASL"
"1819","RP11-792A8.4"
"1820","TMEM248"
"1821","SBDS"
"1822","POM121"
"1823","NSUN5"
"1824","BAZ1B"
"1825","BCL7B"
"1826","TBL2"
"1827","DNAJC30"
"1828","WBSCR22"
"1829","ABHD11"
"1830","EIF4H"
"1831","RFC2"
"1832","RHBDD2"
"1833","POR"
"1834","STYXL1"
"1835","MDH2"
"1836","HSPB1"
"1837","YWHAG"
"1838","PTPN12"
"1839","RSBN1L"
"1840","TMEM60"
"1841","SEMA3C"
"1842","TMEM243"
"1843","TP53TG1"
"1844","DBF4"
"1845","SRI"
"1846","STEAP1"
"1847","AKAP9"
"1848","KRIT1"
"1849","GATAD1"
"1850","FAM133B"
"1851","CDK6"
"1852","BET1"
"1853","PON2"
"1854","SHFM1"
"1855","ASNS"
"1856","BRI3"
"1857","BAIAP2L1"
"1858","ARPC1A"
"1859","ARPC1B"
"1860","PDAP1"
"1861","BUD31"
"1862","CPSF4"
"1863","ATP5J2"
"1864","ZNF394"
"1865","ZNF655"
"1866","ZKSCAN1"
"1867","ZNF3"
"1868","COPS6"
"1869","MCM7"
"1870","AP4M1"
"1871","TAF6"
"1872","LAMTOR4"
"1873","PILRB"
"1874","MEPCE"
"1875","PPP1R35"
"1876","TSC22D4"
"1877","MOSPD3"
"1878","GNB2"
"1879","POP7"
"1880","TRIP6"
"1881","SRRT"
"1882","TRIM56"
"1883","AP1S1"
"1884","VGF"
"1885","PLOD3"
"1886","ZNHIT1"
"1887","FIS1"
"1888","CUX1"
"1889","PRKRIP1"
"1890","ORAI2"
"1891","ALKBH4"
"1892","LRWD1"
"1893","POLR2J"
"1894","POLR2J3"
"1895","ARMC10"
"1896","PMPCB"
"1897","DNAJC2"
"1898","PSMC2"
"1899","KMT2E"
"1900","SRPK2"
"1901","SYPL1"
"1902","NAMPT"
"1903","BCAP29"
"1904","DLD"
"1905","DNAJB9"
"1906","IFRD1"
"1907","LINC00998"
"1908","TES"
"1909","CAV2"
"1910","CAV1"
"1911","CAPZA2"
"1912","FAM3C"
"1913","NDUFA5"
"1914","ARF5"
"1915","SND1"
"1916","IMPDH1"
"1917","HILPDA"
"1918","CALU"
"1919","ATP6V1F"
"1920","TNPO3"
"1921","UBE2H"
"1922","CHCHD3"
"1923","AKR1B1"
"1924","CALD1"
"1925","C7orf49"
"1926","CNOT4"
"1927","C7orf73"
"1928","MTPN"
"1929","ZC3HAV1"
"1930","C7orf55"
"1931","MKRN1"
"1932","NDUFB2"
"1933","MRPS33"
"1934","SSBP1"
"1935","GSTK1"
"1936","AC093673.5"
"1937","ZYX"
"1938","CUL1"
"1939","EZH2"
"1940","PDIA4"
"1941","ATP6V0E2"
"1942","REPIN1"
"1943","CDK5"
"1944","SLC4A2"
"1945","FASTK"
"1946","TMUB1"
"1947","ABCF2"
"1948","NUB1"
"1949","RHEB"
"1950","PRKAG2"
"1951","LINC01003"
"1952","INSIG1"
"1953","RBM33"
"1954","LMBR1"
"1955","NOM1"
"1956","UBE3C"
"1957","DNAJB6"
"1958","GTPBP6"
"1959","SLC25A6"
"1960","DHRSX"
"1961","CD99"
"1962","PRKX"
"1963","PNPLA4"
"1964","TBL1X"
"1965","WWC3"
"1966","MID1"
"1967","HCCS"
"1968","MSL3"
"1969","PRPS2"
"1970","TMSB4X"
"1971","RAB9A"
"1972","OFD1"
"1973","GEMIN8"
"1974","PIR"
"1975","AP1S2"
"1976","SYAP1"
"1977","TXLNG"
"1978","RBBP7"
"1979","SCML1"
"1980","PDHA1"
"1981","SH3KBP1"
"1982","EIF1AX"
"1983","SMS"
"1984","PRDX4"
"1985","ACOT9"
"1986","SAT1"
"1987","APOO"
"1988","EIF2S3"
"1989","DYNLT3"
"1990","MID1IP1"
"1991","ATP6AP2"
"1992","DDX3X"
"1993","FUNDC1"
"1994","NDUFB11"
"1995","RBM10"
"1996","UBA1"
"1997","CDK16"
"1998","TIMP1"
"1999","UXT"
"2000","FTSJ1"
"2001","EBP"
"2002","RBM3"
"2003","WDR13"
"2004","PCSK1N"
"2005","TIMM17B"
"2006","PQBP1"
"2007","PRAF2"
"2008","WDR45"
"2009","PLP2"
"2010","MAGED1"
"2011","SMC1A"
"2012","HSD17B10"
"2013","HUWE1"
"2014","TSR2"
"2015","MAGED2"
"2016","FAM104B"
"2017","LAS1L"
"2018","MSN"
"2019","YIPF6"
"2020","IGBP1"
"2021","PDZD11"
"2022","KIF4A"
"2023","NONO"
"2024","PIN4"
"2025","RPS4X"
"2026","JPX"
"2027","PBDC1"
"2028","ATRX"
"2029","COX7B"
"2030","PGK1"
"2031","SH3BGRL"
"2032","TSPAN6"
"2033","TIMM8A"
"2034","RPL36A"
"2035","GLA"
"2036","HNRNPH2"
"2037","ARMCX3"
"2038","TCEAL8"
"2039","TCEAL4"
"2040","MORF4L2"
"2041","PRPS1"
"2042","TSC22D3"
"2043","ALG13"
"2044","PLS3"
"2045","IL13RA1"
"2046","PGRMC1"
"2047","SLC25A5"
"2048","UBE2A"
"2049","RPL39"
"2050","UPF3B"
"2051","NDUFA1"
"2052","NKAP"
"2053","LAMP2"
"2054","MCTS1"
"2055","C1GALT1C1"
"2056","THOC2"
"2057","RBMX2"
"2058","HPRT1"
"2059","MOSPD1"
"2060","SMIM10"
"2061","FAM127B"
"2062","HTATSF1"
"2063","RBMX"
"2064","IDS"
"2065","HMGB3"
"2066","VMA21"
"2067","CETN2"
"2068","BCAP31"
"2069","IDH3G"
"2070","SSR4"
"2071","NAA10"
"2072","HCFC1"
"2073","IRAK1"
"2074","MECP2"
"2075","FLNA"
"2076","EMD"
"2077","RPL10"
"2078","ATP6AP1"
"2079","GDI1"
"2080","FAM50A"
"2081","LAGE3"
"2082","UBL4A"
"2083","G6PD"
"2084","DKC1"
"2085","FUNDC2"
"2086","VBP1"
"2087","VAMP7"
"2088","FBXO25"
"2089","ERICH1"
"2090","CLN8"
"2091","AGPAT5"
"2092","PINX1"
"2093","FDFT1"
"2094","CTSB"
"2095","CNOT7"
"2096","VPS37A"
"2097","PCM1"
"2098","ASAH1"
"2099","SH2D4A"
"2100","INTS10"
"2101","REEP4"
"2102","SORBS3"
"2103","PDLIM2"
"2104","TNFRSF10B"
"2105","R3HCC1"
"2106","SLC25A37"
"2107","DOCK5"
"2108","CDCA2"
"2109","PPP2R2A"
"2110","BNIP3L"
"2111","CLU"
"2112","CCDC25"
"2113","PBK"
"2114","RP11-489E7.4"
"2115","LEPROTL1"
"2116","DCTN6"
"2117","RBPMS"
"2118","GTF2E2"
"2119","GSR"
"2120","PPP2CB"
"2121","NRG1"
"2122","PROSC"
"2123","RAB11FIP1"
"2124","EIF4EBP1"
"2125","LSM1"
"2126","WHSC1L1"
"2127","TM2D2"
"2128","ADAM9"
"2129","GOLGA7"
"2130","VDAC3"
"2131","SLC20A2"
"2132","SMIM19"
"2133","FNTA"
"2134","HGSNAT"
"2135","CEBPD"
"2136","PRKDC"
"2137","MCM4"
"2138","UBE2V2"
"2139","RB1CC1"
"2140","ATP6V1H"
"2141","RGS20"
"2142","TCEA1"
"2143","LYPLA1"
"2144","MRPL15"
"2145","TMEM68"
"2146","TGS1"
"2147","LYN"
"2148","RPS20"
"2149","CHCHD7"
"2150","IMPAD1"
"2151","SDCBP"
"2152","RAB2A"
"2153","CHD7"
"2154","ASPH"
"2155","GGH"
"2156","ARMC1"
"2157","MTFR1"
"2158","RRS1"
"2159","COPS5"
"2160","CSPP1"
"2161","TRAM1"
"2162","LACTB2"
"2163","TERF1"
"2164","RPL7"
"2165","TCEB1"
"2166","TMEM70"
"2167","PEX2"
"2168","MRPS28"
"2169","TPD52"
"2170","ZNF704"
"2171","FABP5"
"2172","ZFAND1"
"2173","CHMP4C"
"2174","C8orf59"
"2175","RMDN1"
"2176","CPNE3"
"2177","RIPK2"
"2178","OSGIN2"
"2179","NBN"
"2180","DECR1"
"2181","TRIQK"
"2182","FAM92A1"
"2183","TMEM67"
"2184","PDP1"
"2185","NDUFAF6"
"2186","UQCRB"
"2187","PTDSS1"
"2188","MTDH"
"2189","LAPTM4B"
"2190","RPL30"
"2191","HRSP12"
"2192","STK3"
"2193","OSR2"
"2194","COX6C"
"2195","POLR2K"
"2196","PABPC1"
"2197","YWHAZ"
"2198","ZNF706"
"2199","KLF10"
"2200","AZIN1"
"2201","ATP6V1C1"
"2202","FZD6"
"2203","DCAF13"
"2204","EIF3E"
"2205","EMC2"
"2206","NUDCD1"
"2207","ENY2"
"2208","EBAG9"
"2209","EIF3H"
"2210","UTP23"
"2211","RAD21"
"2212","MED30"
"2213","EXT1"
"2214","DSCC1"
"2215","MRPL13"
"2216","DERL1"
"2217","C8orf76"
"2218","ATAD2"
"2219","WDYHV1"
"2220","FBXO32"
"2221","RNF139"
"2222","TATDN1"
"2223","NDUFB9"
"2224","SQLE"
"2225","NSMCE2"
"2226","TRIB1"
"2227","MYC"
"2228","FAM49B"
"2229","ASAP1"
"2230","PHF20L1"
"2231","NDRG1"
"2232","CHRAC1"
"2233","AGO2"
"2234","THEM6"
"2235","LY6E"
"2236","MROH6"
"2237","EEF1D"
"2238","TSTA3"
"2239","FAM83H"
"2240","SCRIB"
"2241","PUF60"
"2242","PLEC"
"2243","GRINA"
"2244","EXOSC4"
"2245","GPAA1"
"2246","CYC1"
"2247","SHARPIN"
"2248","MAF1"
"2249","HSF1"
"2250","DGAT1"
"2251","SLC52A2"
"2252","SLC39A4"
"2253","VPS28"
"2254","CYHR1"
"2255","PPP1R16A"
"2256","MFSD3"
"2257","RECQL4"
"2258","C8orf82"
"2259","RPL8"
"2260","COMMD5"
"2261","C8orf33"
"2262","CBWD1"
"2263","GLIS3"
"2264","CDC37L1"
"2265","AK3"
"2266","RCL1"
"2267","PLGRKT"
"2268","TMEM261"
"2269","NFIB"
"2270","PSIP1"
"2271","RRAGA"
"2272","RPS6"
"2273","TUSC1"
"2274","IFT74"
"2275","TOPORS"
"2276","NDUFB6"
"2277","APTX"
"2278","DNAJA1"
"2279","SMU1"
"2280","B4GALT1"
"2281","BAG1"
"2282","CHMP5"
"2283","UBE2R2"
"2284","UBAP2"
"2285","UBAP1"
"2286","NUDT2"
"2287","RPP25L"
"2288","DCTN3"
"2289","SIGMAR1"
"2290","VCP"
"2291","STOML2"
"2292","CCDC107"
"2293","ARHGEF39"
"2294","TLN1"
"2295","CREB3"
"2296","HINT2"
"2297","CLTA"
"2298","MELK"
"2299","ZCCHC7"
"2300","GRHPR"
"2301","POLR1E"
"2302","TOMM5"
"2303","EXOSC3"
"2304","SHB"
"2305","CBWD5"
"2306","FAM122A"
"2307","FXN"
"2308","SMC5"
"2309","ZFAND5"
"2310","ANXA1"
"2311","C9orf40"
"2312","NMRK1"
"2313","OSTF1"
"2314","RFK"
"2315","CEP78"
"2316","PSAT1"
"2317","UBQLN1"
"2318","HNRNPK"
"2319","GOLM1"
"2320","ISCA1"
"2321","CTSL"
"2322","CKS2"
"2323","SECISBP2"
"2324","IARS"
"2325","NOL8"
"2326","NINJ1"
"2327","FAM120AOS"
"2328","FAM120A"
"2329","C9orf3"
"2330","SLC35D2"
"2331","HABP4"
"2332","AAED1"
"2333","CTSV"
"2334","XPA"
"2335","ANP32B"
"2336","NANS"
"2337","TBC1D2"
"2338","ALG2"
"2339","SEC61B"
"2340","ERP44"
"2341","MSANTD3"
"2342","MRPL50"
"2343","SMC2"
"2344","TMEM38B"
"2345","RAD23B"
"2346","KLF4"
"2347","CTNNAL1"
"2348","TMEM245"
"2349","TXN"
"2350","GNG10"
"2351","UGCG"
"2352","HSDL2"
"2353","INIP"
"2354","PRPF4"
"2355","HDHD3"
"2356","POLE3"
"2357","RGS3"
"2358","ATP6V1G1"
"2359","CDK5RAP2"
"2360","PHF19"
"2361","RAB14"
"2362","GSN"
"2363","STOM"
"2364","NDUFA8"
"2365","RBM18"
"2366","MRRF"
"2367","STRBP"
"2368","NEK6"
"2369","PSMB7"
"2370","RPL35"
"2371","ARPC5L"
"2372","PPP6C"
"2373","RABEPK"
"2374","HSPA5"
"2375","MAPKAP1"
"2376","ZBTB43"
"2377","SLC2A8"
"2378","RPL12"
"2379","FAM129B"
"2380","PTRH1"
"2381","TOR2A"
"2382","AK1"
"2383","ST6GALNAC6"
"2384","ST6GALNAC4"
"2385","DPM2"
"2386","PTGES2"
"2387","C9orf16"
"2388","CIZ1"
"2389","GOLGA2"
"2390","SWI5"
"2391","TRUB2"
"2392","COQ4"
"2393","URM1"
"2394","SPTAN1"
"2395","WDR34"
"2396","SET"
"2397","ZDHHC12"
"2398","RP11-545E17.3"
"2399","ENDOG"
"2400","C9orf114"
"2401","LRRC8A"
"2402","SH3GLB2"
"2403","PPP2R4"
"2404","NTMT1"
"2405","TOR1A"
"2406","C9orf78"
"2407","FNBP1"
"2408","NCS1"
"2409","ASS1"
"2410","FUBP3"
"2411","EXOSC2"
"2412","FIBCD1"
"2413","PRRC2B"
"2414","MED27"
"2415","TTF1"
"2416","GTF3C5"
"2417","SURF6"
"2418","RPL7A"
"2419","SURF1"
"2420","SURF2"
"2421","SURF4"
"2422","REXO4"
"2423","BRD3"
"2424","WDR5"
"2425","RXRA"
"2426","C9orf116"
"2427","MRPS2"
"2428","UBAC1"
"2429","C9orf69"
"2430","SDCCAG3"
"2431","PMPCA"
"2432","EGFL7"
"2433","AGPAT2"
"2434","SNHG7"
"2435","TMEM141"
"2436","RABL6"
"2437","PHPT1"
"2438","EDF1"
"2439","TRAF2"
"2440","FBXW5"
"2441","C9orf142"
"2442","NPDC1"
"2443","SAPCD2"
"2444","DPP7"
"2445","LRRC26"
"2446","SSNA1"
"2447","TMEM203"
"2448","TUBB4B"
"2449","NELFB"
"2450","NSMF"
"2451","MRPL41"
"2452","DPH7"
"2453","ARRDC1"
"2454","EHMT1"
"2455","LARP4B"
"2456","GTPBP4"
"2457","IDI1"
"2458","PFKP"
"2459","PITRM1"
"2460","KLF6"
"2461","LINC00704"
"2462","AKR1C3"
"2463","NET1"
"2464","GDI2"
"2465","RBM17"
"2466","KIN"
"2467","ATP5C1"
"2468","TAF3"
"2469","PROSER2"
"2470","UPF2"
"2471","NUDT5"
"2472","CDC123"
"2473","OPTN"
"2474","PHYH"
"2475","SEPHS1"
"2476","PRPF18"
"2477","FAM107B"
"2478","HSPA14"
"2479","SUV39H2"
"2480","RPP38"
"2481","NMT2"
"2482","RSU1"
"2483","NEBL"
"2484","MLLT10"
"2485","DNAJC1"
"2486","COMMD3"
"2487","BMI1"
"2488","MSRB2"
"2489","PRTFDC1"
"2490","ANKRD26"
"2491","YME1L1"
"2492","RAB18"
"2493","WAC-AS1"
"2494","WAC"
"2495","SVIL"
"2496","MAP3K8"
"2497","KIF5B"
"2498","EPC1"
"2499","ITGB1"
"2500","PARD3"
"2501","CREM"
"2502","BMS1"
"2503","HNRNPF"
"2504","ZNF32"
"2505","ZNF22"
"2506","MAPK8"
"2507","DKK1"
"2508","ZWINT"
"2509","CISD1"
"2510","UBE2D1"
"2511","TFAM"
"2512","CCDC6"
"2513","CDK1"
"2514","ARID5B"
"2515","NRBF2"
"2516","JMJD1C"
"2517","REEP3"
"2518","HNRNPH3"
"2519","CCAR1"
"2520","DDX50"
"2521","DDX21"
"2522","VPS26A"
"2523","HK1"
"2524","TSPAN15"
"2525","C10orf35"
"2526","AIFM2"
"2527","TYSND1"
"2528","SAR1A"
"2529","PPA1"
"2530","SGPL1"
"2531","PCBD1"
"2532","PSAP"
"2533","ANAPC16"
"2534","DDIT4"
"2535","DNAJB12"
"2536","MICU1"
"2537","DNAJC9"
"2538","MRPS16"
"2539","ANXA7"
"2540","CHCHD1"
"2541","CAMK2G"
"2542","PLAU"
"2543","VCL"
"2544","ADK"
"2545","VDAC2"
"2546","COMTD1"
"2547","RPS24"
"2548","PPIF"
"2549","EIF5AL1"
"2550","ANXA11"
"2551","FAM213A"
"2552","TSPAN14"
"2553","GHITM"
"2554","CCSER2"
"2555","ADIRF"
"2556","GLUD1"
"2557","NUTM2A-AS1"
"2558","ATAD1"
"2559","PTEN"
"2560","FAS"
"2561","KIF20B"
"2562","RPP30"
"2563","KIF11"
"2564","MYOF"
"2565","CEP55"
"2566","FRA10AC1"
"2567","HELLS"
"2568","PDLIM1"
"2569","TCTN3"
"2570","TM9SF3"
"2571","PGAM1"
"2572","EXOSC1"
"2573","ZDHHC16"
"2574","AVPI1"
"2575","HPS1"
"2576","GOT1"
"2577","CUTC"
"2578","DNMBP"
"2579","ERLIN1"
"2580","BLOC1S2"
"2581","SCD"
"2582","MRPL43"
"2583","DPCD"
"2584","NPM3"
"2585","MGEA5"
"2586","NOLC1"
"2587","FBXL15"
"2588","CUEDC2"
"2589","ACTR1A"
"2590","ARL3"
"2591","WBP1L"
"2592","NT5C2"
"2593","USMG5"
"2594","PDCD11"
"2595","OBFC1"
"2596","GSTO1"
"2597","GSTO2"
"2598","DUSP5"
"2599","SMC3"
"2600","BBIP1"
"2601","ZDHHC6"
"2602","FAM204A"
"2603","CACUL1"
"2604","EIF3A"
"2605","FAM45A"
"2606","SFXN4"
"2607","PRDX3"
"2608","RGS10"
"2609","TIAL1"
"2610","BAG3"
"2611","MCMBP"
"2612","NSMCE4A"
"2613","PLEKHA1"
"2614","BUB3"
"2615","OAT"
"2616","METTL10"
"2617","CTBP2"
"2618","UROS"
"2619","BCCIP"
"2620","MKI67"
"2621","MGMT"
"2622","GLRX3"
"2623","PPP2R2D"
"2624","STK32C"
"2625","TUBGCP2"
"2626","ZNF511"
"2627","ECHS1"
"2628","RIC8A"
"2629","PSMD13"
"2630","IFITM2"
"2631","IFITM3"
"2632","PKP3"
"2633","SIGIRR"
"2634","RNH1"
"2635","HRAS"
"2636","RASSF7"
"2637","DEAF1"
"2638","EPS8L2"
"2639","TALDO1"
"2640","RPLP2"
"2641","PNPLA2"
"2642","CD151"
"2643","POLR2L"
"2644","TSPAN4"
"2645","CHID1"
"2646","TOLLIP"
"2647","MOB2"
"2648","CTSD"
"2649","MRPL23"
"2650","TSSC4"
"2651","KCNQ1OT1"
"2652","SLC22A18"
"2653","PHLDA2"
"2654","NAP1L4"
"2655","CARS"
"2656","RHOG"
"2657","RRM1"
"2658","PRKCDBP"
"2659","ARFIP2"
"2660","TIMM10B"
"2661","ILK"
"2662","TAF10"
"2663","MRPL17"
"2664","EIF3F"
"2665","RPL27A"
"2666","AKIP1"
"2667","TMEM9B"
"2668","IPO7"
"2669","ADM"
"2670","CTR9"
"2671","EIF4G2"
"2672","BTBD10"
"2673","RRAS2"
"2674","COPB1"
"2675","PSMA1"
"2676","C11orf58"
"2677","RPS13"
"2678","NUCB2"
"2679","SAAL1"
"2680","GTF2H1"
"2681","LDHA"
"2682","TSG101"
"2683","HTATIP2"
"2684","SVIP"
"2685","CCDC34"
"2686","IMMP1L"
"2687","RCN1"
"2688","EIF3M"
"2689","CSTF3"
"2690","CD59"
"2691","CAPRIN1"
"2692","CAT"
"2693","APIP"
"2694","PDHX"
"2695","CD44"
"2696","FJX1"
"2697","TRIM44"
"2698","COMMD9"
"2699","HSD17B12"
"2700","PEX16"
"2701","CKAP5"
"2702","ARFGAP2"
"2703","PACSIN3"
"2704","DDB2"
"2705","PSMC3"
"2706","CELF1"
"2707","NDUFS3"
"2708","PTPMT1"
"2709","MTCH2"
"2710","FNBP4"
"2711","SSRP1"
"2712","TIMM10"
"2713","UBE2L6"
"2714","MED19"
"2715","TMX2"
"2716","C11orf31"
"2717","CTNND1"
"2718","FAM111A"
"2719","MRPL16"
"2720","CCDC86"
"2721","PRPF19"
"2722","TMEM109"
"2723","DDB1"
"2724","CYB561A3"
"2725","TMEM138"
"2726","TMEM216"
"2727","SDHAF2"
"2728","TMEM258"
"2729","FEN1"
"2730","FADS2"
"2731","FADS1"
"2732","BEST1"
"2733","FTH1"
"2734","AHNAK"
"2735","EEF1G"
"2736","B3GAT3"
"2737","GANAB"
"2738","METTL12"
"2739","UBXN1"
"2740","HNRNPUL2"
"2741","POLR2G"
"2742","TMEM223"
"2743","TMEM179B"
"2744","WDR74"
"2745","SLC3A2"
"2746","PLA2G16"
"2747","ATL3"
"2748","RTN3"
"2749","COX8A"
"2750","OTUB1"
"2751","MACROD1"
"2752","STIP1"
"2753","TRPT1"
"2754","NUDT22"
"2755","DNAJC4"
"2756","FKBP2"
"2757","PPP1R14B"
"2758","RP11-783K16.5"
"2759","BAD"
"2760","ESRRA"
"2761","TRMT112"
"2762","PRDX5"
"2763","RPS6KA4"
"2764","SF1"
"2765","EHD1"
"2766","ARL2"
"2767","SAC3D1"
"2768","CDCA5"
"2769","ZFPL1"
"2770","VPS51"
"2771","TM7SF2"
"2772","ZNHIT2"
"2773","FAU"
"2774","MRPL49"
"2775","CAPN1"
"2776","NEAT1"
"2777","MALAT1"
"2778","SCYL1"
"2779","LTBP3"
"2780","SSSCA1"
"2781","FAM89B"
"2782","SIPA1"
"2783","KAT5"
"2784","RNASEH2C"
"2785","CFL1"
"2786","FIBP"
"2787","CCDC85B"
"2788","FOSL1"
"2789","DRAP1"
"2790","BANF1"
"2791","SF3B2"
"2792","RAB1B"
"2793","YIF1A"
"2794","BRMS1"
"2795","MRPL11"
"2796","ZDHHC24"
"2797","CCS"
"2798","RBM14"
"2799","RCE1"
"2800","KDM2A"
"2801","POLD4"
"2802","CLCF1"
"2803","PPP1CA"
"2804","RPS6KB2"
"2805","CORO1B"
"2806","TMEM134"
"2807","AIP"
"2808","CDK2AP2"
"2809","GSTP1"
"2810","NDUFV1"
"2811","NUDT8"
"2812","UNC93B1"
"2813","ALDH3B1"
"2814","NDUFS8"
"2815","C11orf24"
"2816","LRP5"
"2817","MTL5"
"2818","MRPL21"
"2819","MYEOV"
"2820","CCND1"
"2821","FADD"
"2822","CTTN"
"2823","DHCR7"
"2824","RP11-660L16.2"
"2825","NUMA1"
"2826","LAMTOR1"
"2827","ANAPC15"
"2828","STARD10"
"2829","RAB6A"
"2830","MRPL48"
"2831","COA4"
"2832","UCP2"
"2833","PPME1"
"2834","PGM2L1"
"2835","POLD3"
"2836","SPCS2"
"2837","RPS3"
"2838","SERPINH1"
"2839","RP11-111M22.3"
"2840","TSKU"
"2841","CLNS1A"
"2842","RSF1"
"2843","AAMDC"
"2844","NDUFC2"
"2845","ALG8"
"2846","RAB30-AS1"
"2847","CCDC90B"
"2848","TMEM126B"
"2849","TMEM126A"
"2850","C11orf73"
"2851","PRSS23"
"2852","CTSC"
"2853","CHORDC1"
"2854","SLC36A4"
"2855","SMCO4"
"2856","TAF1D"
"2857","CWC15"
"2858","CEP57"
"2859","MTMR2"
"2860","YAP1"
"2861","TMEM123"
"2862","DCUN1D5"
"2863","AASDHPPT"
"2864","CUL5"
"2865","ACAT1"
"2866","DDX10"
"2867","RDX"
"2868","FDX1"
"2869","C11orf1"
"2870","DLAT"
"2871","TIMM8B"
"2872","SDHD"
"2873","IL18"
"2874","PTS"
"2875","RBM7"
"2876","REXO2"
"2877","PAFAH1B2"
"2878","CEP164"
"2879","ATP5L"
"2880","KMT2A"
"2881","BCL9L"
"2882","CCDC84"
"2883","RPS25"
"2884","TRAPPC4"
"2885","SLC37A4"
"2886","HYOU1"
"2887","HMBS"
"2888","H2AFX"
"2889","RNF26"
"2890","SC5D"
"2891","HSPA8"
"2892","TBRG1"
"2893","SPA17"
"2894","TMEM218"
"2895","EI24"
"2896","CHEK1"
"2897","HYLS1"
"2898","DCPS"
"2899","ST3GAL4"
"2900","APLP2"
"2901","NCAPD3"
"2902","THYN1"
"2903","KDM5A"
"2904","WNK1"
"2905","FKBP4"
"2906","FOXM1"
"2907","RHNO1"
"2908","TULP3"
"2909","TEAD4"
"2910","RAD51AP1"
"2911","NDUFA9"
"2912","CD9"
"2913","TNFRSF1A"
"2914","LTBR"
"2915","MRPL51"
"2916","NCAPD2"
"2917","GAPDH"
"2918","CHD4"
"2919","COPS7A"
"2920","MLF2"
"2921","PTMS"
"2922","CDCA3"
"2923","USP5"
"2924","TPI1"
"2925","ATN1"
"2926","C12orf57"
"2927","EMG1"
"2928","PHB2"
"2929","M6PR"
"2930","MAGOHB"
"2931","YBX3"
"2932","GPRC5A"
"2933","HEBP1"
"2934","EMP1"
"2935","H2AFJ"
"2936","WBP11"
"2937","STRAP"
"2938","DERA"
"2939","PYROXD1"
"2940","RECQL"
"2941","GOLT1B"
"2942","LDHB"
"2943","CMAS"
"2944","ETNK1"
"2945","LYRM5"
"2946","KRAS"
"2947","ASUN"
"2948","FGFR1OP2"
"2949","TM7SF3"
"2950","MED21"
"2951","PPFIBP1"
"2952","MRPS35"
"2953","CCDC91"
"2954","ERGIC2"
"2955","FAM60A"
"2956","DNM1L"
"2957","YARS2"
"2958","KIF21A"
"2959","YAF2"
"2960","PPHLN1"
"2961","ZCRB1"
"2962","TWF1"
"2963","SCAF11"
"2964","SLC38A1"
"2965","SLC38A2"
"2966","HDAC7"
"2967","TMEM106C"
"2968","DDX23"
"2969","FKBP11"
"2970","ARF3"
"2971","PRKAG1"
"2972","RP11-386G11.10"
"2973","TUBA1B"
"2974","TUBA1C"
"2975","TROAP"
"2976","SPATS2"
"2977","MCRS1"
"2978","TMBIM6"
"2979","RACGAP1"
"2980","SMARCD1"
"2981","COX14"
"2982","LIMA1"
"2983","ATF1"
"2984","LETMD1"
"2985","DAZAP2"
"2986","SMAGP"
"2987","NR4A1"
"2988","KRT80"
"2989","KRT81"
"2990","KRT8"
"2991","KRT18"
"2992","EIF4B"
"2993","IGFBP6"
"2994","RARG"
"2995","PFDN5"
"2996","C12orf10"
"2997","AAAS"
"2998","PRR13"
"2999","PCBP2"
"3000","TARBP2"
"3001","ATF7"
"3002","ATP5G2"
"3003","SMUG1"
"3004","CBX5"
"3005","HNRNPA1"
"3006","COPZ1"
"3007","BLOC1S1"
"3008","CD63"
"3009","SARNP"
"3010","ORMDL2"
"3011","RAB5B"
"3012","RPS26"
"3013","PA2G4"
"3014","RPL41"
"3015","MYL6B"
"3016","MYL6"
"3017","NABP2"
"3018","CS"
"3019","CNPY2"
"3020","TIMELESS"
"3021","SPRYD4"
"3022","BAZ2A"
"3023","ATP5B"
"3024","PTGES3"
"3025","NACA"
"3026","PRIM1"
"3027","SHMT2"
"3028","MARS"
"3029","DDIT3"
"3030","DCTN2"
"3031","OS9"
"3032","CDK4"
"3033","METTL1"
"3034","TSFM"
"3035","CTDSP2"
"3036","RP11-620J15.3"
"3037","XRCC6BP1"
"3038","TMEM5"
"3039","SRGAP1"
"3040","XPOT"
"3041","TBK1"
"3042","HMGA2"
"3043","LLPH"
"3044","CAND1"
"3045","RAP1B"
"3046","NUP107"
"3047","MDM2"
"3048","CPSF6"
"3049","YEATS4"
"3050","CCT2"
"3051","RAB3IP"
"3052","CNOT2"
"3053","RAB21"
"3054","ATXN7L3B"
"3055","KRR1"
"3056","PHLDA1"
"3057","NAP1L1"
"3058","OSBPL8"
"3059","CSRP2"
"3060","PAWR"
"3061","PPP1R12A"
"3062","CCDC59"
"3063","C12orf29"
"3064","CEP290"
"3065","DUSP6"
"3066","ATP2B1"
"3067","BTG1"
"3068","EEA1"
"3069","NUDT4"
"3070","UBE2N"
"3071","MRPL42"
"3072","NDUFA12"
"3073","VEZT"
"3074","METAP2"
"3075","SNRPF"
"3076","LTA4H"
"3077","ELK3"
"3078","TMPO-AS1"
"3079","TMPO"
"3080","SLC25A3"
"3081","IKBIP"
"3082","GAS2L3"
"3083","ARL1"
"3084","CHPT1"
"3085","CCDC53"
"3086","NUP37"
"3087","PARPBP"
"3088","HSP90B1"
"3089","C12orf73"
"3090","TDG"
"3091","NFYB"
"3092","TXNRD1"
"3093","C12orf45"
"3094","CKAP4"
"3095","PWP1"
"3096","ISCU"
"3097","CORO1C"
"3098","ALKBH2"
"3099","UNG"
"3100","KCTD10"
"3101","MMAB"
"3102","GLTP"
"3103","TCHP"
"3104","C12orf76"
"3105","ATP2A2"
"3106","ANAPC7"
"3107","ARPC3"
"3108","GPN3"
"3109","FAM216A"
"3110","VPS29"
"3111","TCTN1"
"3112","PPP1CC"
"3113","ATXN2"
"3114","MAPKAPK5-AS1"
"3115","MAPKAPK5"
"3116","ERP29"
"3117","NAA25"
"3118","RPL6"
"3119","PTPN11"
"3120","DDX54"
"3121","RITA1"
"3122","IQCD"
"3123","SDSL"
"3124","MED13L"
"3125","C12orf49"
"3126","FBXO21"
"3127","RFC5"
"3128","WSB2"
"3129","PEBP1"
"3130","TAOK3"
"3131","SUDS3"
"3132","RAB35"
"3133","RPLP0"
"3134","PXN-AS1"
"3135","PXN"
"3136","COX6A1"
"3137","TRIAP1"
"3138","GATC"
"3139","SRSF9"
"3140","DYNLL1"
"3141","COQ5"
"3142","RNF10"
"3143","POP5"
"3144","MLEC"
"3145","C12orf43"
"3146","P2RX4"
"3147","ANAPC5"
"3148","RNF34"
"3149","TMEM120B"
"3150","RHOF"
"3151","PSMD9"
"3152","WDR66"
"3153","BCL7A"
"3154","MLXIP"
"3155","DIABLO"
"3156","CLIP1"
"3157","RSRC2"
"3158","DENR"
"3159","VPS37B"
"3160","ARL6IP4"
"3161","C12orf65"
"3162","SBNO1"
"3163","RILPL2"
"3164","SNRNP35"
"3165","TMED2"
"3166","DDX55"
"3167","EIF2B1"
"3168","NCOR2"
"3169","SCARB1"
"3170","UBC"
"3171","BRI3BP"
"3172","RAN"
"3173","SFSWAP"
"3174","PUS1"
"3175","NOC4L"
"3176","FBRSL1"
"3177","PXMP2"
"3178","PGAM5"
"3179","ANKLE2"
"3180","GOLGA3"
"3181","MPHOSPH8"
"3182","PSPC1"
"3183","N6AMT2"
"3184","SAP18"
"3185","SKA3"
"3186","MICU2"
"3187","RPL21"
"3188","GTF3A"
"3189","MTIF3"
"3190","POLR1D"
"3191","ATP5EP2"
"3192","POMP"
"3193","UBL3"
"3194","HMGB1"
"3195","HSPH1"
"3196","N4BP2L2"
"3197","RFC3"
"3198","ALG5"
"3199","EXOSC8"
"3200","UFM1"
"3201","MRPS31"
"3202","WBP4"
"3203","RGCC"
"3204","DNAJC15"
"3205","TSC22D1"
"3206","GTF2F2"
"3207","TPT1"
"3208","ZC3H13"
"3209","ESD"
"3210","SUCLA2"
"3211","NUDT15"
"3212","MED4"
"3213","ITM2B"
"3214","EBPL"
"3215","KPNA3"
"3216","SPRYD7"
"3217","DLEU1"
"3218","RNASEH2B"
"3219","VPS36"
"3220","CKAP2"
"3221","SUGT1"
"3222","DIAPH3"
"3223","MZT1"
"3224","KLF5"
"3225","COMMD6"
"3226","UCHL3"
"3227","LMO7"
"3228","MYCBP2"
"3229","NDFIP2"
"3230","DNAJC3"
"3231","IPO5"
"3232","FARP1"
"3233","STK24"
"3234","UBAC2"
"3235","TM9SF2"
"3236","TEX30"
"3237","ARGLU1"
"3238","IRS2"
"3239","RAB20"
"3240","CARS2"
"3241","ING1"
"3242","ANKRD10"
"3243","ATP11A"
"3244","PCID2"
"3245","CUL4A"
"3246","LAMP1"
"3247","TMCO3"
"3248","TFDP1"
"3249","GAS6"
"3250","UPF3A"
"3251","CCNB1IP1"
"3252","PARP2"
"3253","OSGEP"
"3254","APEX1"
"3255","TMEM55B"
"3256","PNP"
"3257","METTL17"
"3258","HNRNPC"
"3259","SUPT16H"
"3260","TOX4"
"3261","METTL3"
"3262","DAD1"
"3263","OXA1L"
"3264","MRPL52"
"3265","LRP10"
"3266","RBM23"
"3267","PRMT5"
"3268","HAUS4"
"3269","AJUBA"
"3270","PSMB5"
"3271","ACIN1"
"3272","C14orf119"
"3273","PABPN1"
"3274","NGDN"
"3275","DHRS4"
"3276","DHRS4L2"
"3277","PSME1"
"3278","EMC9"
"3279","PSME2"
"3280","IPO4"
"3281","CHMP4A"
"3282","NEDD8"
"3283","GMPR2"
"3284","RABGGTA"
"3285","SDR39U1"
"3286","STXBP6"
"3287","G2E3"
"3288","SCFD1"
"3289","HECTD1"
"3290","SPTSSA"
"3291","EAPP"
"3292","SNX6"
"3293","CFL2"
"3294","BAZ1A"
"3295","SRP54"
"3296","FAM177A1"
"3297","PPP2R3C"
"3298","NFKBIA"
"3299","BRMS1L"
"3300","MBIP"
"3301","GEMIN2"
"3302","PNN"
"3303","FKBP3"
"3304","MIS18BP1"
"3305","RPS29"
"3306","LRR1"
"3307","RPL36AL"
"3308","MGAT2"
"3309","DNAAF2"
"3310","KLHDC2"
"3311","NEMF"
"3312","ARF6"
"3313","ATP5S"
"3314","SAV1"
"3315","PYGL"
"3316","TMX1"
"3317","C14orf166"
"3318","PSMC6"
"3319","GNPNAT1"
"3320","FERMT2"
"3321","CDKN3"
"3322","CNIH1"
"3323","GMFB"
"3324","MAPK1IP1L"
"3325","LGALS3"
"3326","DLGAP5"
"3327","KTN1"
"3328","ACTR10"
"3329","PSMA3"
"3330","ARID4A"
"3331","TIMM9"
"3332","L3HYPDH"
"3333","JKAMP"
"3334","PCNXL4"
"3335","DHRS7"
"3336","MNAT1"
"3337","HIF1A"
"3338","SNAPC1"
"3339","PPP2R5E"
"3340","SYNE2"
"3341","MTHFD1"
"3342","CHURC1"
"3343","MAX"
"3344","FAM71D"
"3345","MPP5"
"3346","ATP6V1D"
"3347","EIF2S1"
"3348","PIGH"
"3349","VTI1B"
"3350","RDH11"
"3351","ZFP36L1"
"3352","ACTN1"
"3353","ERH"
"3354","SRSF5"
"3355","COX16"
"3356","SYNJ2BP"
"3357","MED6"
"3358","RP6-65G23.3"
"3359","RBM25"
"3360","ACOT2"
"3361","COQ6"
"3362","NPC2"
"3363","ISCA2"
"3364","YLPM1"
"3365","DLST"
"3366","EIF2B2"
"3367","ACYP1"
"3368","TMED10"
"3369","FOS"
"3370","C14orf1"
"3371","IFT43"
"3372","GPATCH2L"
"3373","GSTZ1"
"3374","AHSA1"
"3375","SLIRP"
"3376","SNW1"
"3377","ZC3H14"
"3378","PSMC1"
"3379","CALM1"
"3380","TRIP11"
"3381","ATXN3"
"3382","NDUFB1"
"3383","LGMN"
"3384","TMEM251"
"3385","C14orf142"
"3386","DDX24"
"3387","IFI27L1"
"3388","IFI27"
"3389","IFI27L2"
"3390","SNHG10"
"3391","GLRX5"
"3392","GSKIP"
"3393","PAPOLA"
"3394","VRK1"
"3395","YY1"
"3396","WARS"
"3397","PPP2R5C"
"3398","DYNC1H1"
"3399","HSP90AA1"
"3400","MOK"
"3401","CINP"
"3402","EIF5"
"3403","MARK3"
"3404","CKB"
"3405","TRMT61A"
"3406","KLC1"
"3407","APOPT1"
"3408","ZFYVE21"
"3409","C14orf2"
"3410","INF2"
"3411","SIVA1"
"3412","AKT1"
"3413","AHNAK2"
"3414","CDCA4"
"3415","NUDT14"
"3416","MTA1"
"3417","CRIP2"
"3418","C14orf80"
"3419","NIPA2"
"3420","SNRPN"
"3421","UBE3A"
"3422","HERC2"
"3423","TJP1"
"3424","ARHGAP11A"
"3425","EMC7"
"3426","KATNBL1"
"3427","EMC4"
"3428","NOP10"
"3429","DPH6"
"3430","THBS1"
"3431","EIF2AK4"
"3432","SRP14"
"3433","KNSTRN"
"3434","IVD"
"3435","CHST14"
"3436","C15orf57"
"3437","RAD51"
"3438","RMDN3"
"3439","GCHFR"
"3440","RHOV"
"3441","CHP1"
"3442","OIP5"
"3443","NUSAP1"
"3444","NDUFAF1"
"3445","RTF1"
"3446","EHD4"
"3447","TMEM87A"
"3448","ZNF106"
"3449","SNAP23"
"3450","CCNDBP1"
"3451","PDIA3"
"3452","SERF2"
"3453","MFAP1"
"3454","CASC4"
"3455","EIF3J"
"3456","B2M"
"3457","SORD"
"3458","BLOC1S6"
"3459","DUT"
"3460","EID1"
"3461","COPS2"
"3462","GALK2"
"3463","DTWD1"
"3464","SLC27A2"
"3465","GABPB1"
"3466","USP8"
"3467","SPPL2A"
"3468","LYSMD2"
"3469","TMOD3"
"3470","LEO1"
"3471","MAPK6"
"3472","ARPP19"
"3473","RSL24D1"
"3474","RAB27A"
"3475","CCPG1"
"3476","MNS1"
"3477","FAM63B"
"3478","SLTM"
"3479","CCNB2"
"3480","MYO1E"
"3481","FAM81A"
"3482","GTF2A2"
"3483","BNIP2"
"3484","ANXA2"
"3485","TPM1"
"3486","LACTB"
"3487","RPS27L"
"3488","USP3"
"3489","FAM96A"
"3490","SNX1"
"3491","PPIB"
"3492","KIAA0101"
"3493","OAZ2"
"3494","PIF1"
"3495","SPG21"
"3496","MTFMT"
"3497","PDCD7"
"3498","CLPX"
"3499","RAB11A"
"3500","TIPIN"
"3501","MAP2K1"
"3502","SNAPC5"
"3503","RPL4"
"3504","ZWILCH"
"3505","SMAD3"
"3506","AAGAB"
"3507","C15orf61"
"3508","CLN6"
"3509","ANP32A"
"3510","KIF23"
"3511","RPLP1"
"3512","UACA"
"3513","LARP6"
"3514","PKM"
"3515","HEXA"
"3516","ARIH1"
"3517","ADPGK"
"3518","CD276"
"3519","LOXL1"
"3520","UBL7"
"3521","CSK"
"3522","SCAMP2"
"3523","COX5A"
"3524","RPP25"
"3525","PPCDC"
"3526","COMMD4"
"3527","SNUPN"
"3528","IMP3"
"3529","UBE2Q2"
"3530","FBXO22"
"3531","ETFA"
"3532","RCN2"
"3533","TSPAN3"
"3534","IDH3A"
"3535","WDR61"
"3536","IREB2"
"3537","PSMA4"
"3538","CHRNA5"
"3539","MORF4L1"
"3540","CTSH"
"3541","TMED3"
"3542","MTHFS"
"3543","ST20"
"3544","ZFAND6"
"3545","FAH"
"3546","MESDC2"
"3547","HOMER2"
"3548","FAM103A1"
"3549","C15orf40"
"3550","BTBD1"
"3551","WDR73"
"3552","NMB"
"3553","SEC11A"
"3554","AKAP13"
"3555","MRPL46"
"3556","MRPS11"
"3557","AEN"
"3558","ISG20"
"3559","MFGE8"
"3560","ABHD2"
"3561","FANCI"
"3562","MESP1"
"3563","IDH2"
"3564","CIB1"
"3565","NGRN"
"3566","IQGAP1"
"3567","CRTC3"
"3568","FURIN"
"3569","UNC45A"
"3570","HDDC3"
"3571","RCCD1"
"3572","PRC1"
"3573","CHD2"
"3574","NR2F2"
"3575","LRRC28"
"3576","VIMP"
"3577","SNRPA1"
"3578","TM2D3"
"3579","TARSL2"
"3580","POLR3K"
"3581","SNRNP25"
"3582","MPG"
"3583","NPRL3"
"3584","LUC7L"
"3585","MRPL28"
"3586","NME4"
"3587","C16orf13"
"3588","FAM195A"
"3589","RHOT2"
"3590","STUB1"
"3591","JMJD8"
"3592","WDR24"
"3593","METRN"
"3594","FAM173A"
"3595","HAGHL"
"3596","RPUSD1"
"3597","UBE2I"
"3598","TSR3"
"3599","UNKL"
"3600","C16orf91"
"3601","HN1L"
"3602","NME3"
"3603","MRPS34"
"3604","SPSB3"
"3605","NUBP2"
"3606","HAGH"
"3607","FAHD1"
"3608","MSRB1"
"3609","NDUFB10"
"3610","RPS2"
"3611","SNHG9"
"3612","TBL3"
"3613","GFER"
"3614","ZNF598"
"3615","SLC9A3R2"
"3616","NTHL1"
"3617","TRAF7"
"3618","MLST8"
"3619","PGP"
"3620","ECI1"
"3621","RNPS1"
"3622","C16orf59"
"3623","KCTD5"
"3624","SRRM2"
"3625","TCEB2"
"3626","FLYWCH2"
"3627","PKMYT1"
"3628","PAQR4"
"3629","TNFRSF12A"
"3630","HCFC1R1"
"3631","THOC6"
"3632","TRAP1"
"3633","DNAJA3"
"3634","NMRAL1"
"3635","HMOX2"
"3636","UBALD1"
"3637","NUDT16L1"
"3638","ROGDI"
"3639","UBN1"
"3640","TMEM186"
"3641","CARHSP1"
"3642","EMP2"
"3643","NUBP1"
"3644","DEXI"
"3645","RMI2"
"3646","SOCS1"
"3647","LITAF"
"3648","RSL1D1"
"3649","GSPT1"
"3650","BFAR"
"3651","NTAN1"
"3652","FOPNL"
"3653","RPS15A"
"3654","ARL6IP1"
"3655","COQ7"
"3656","GDE1"
"3657","KNOP1"
"3658","THUMPD1"
"3659","LYRM1"
"3660","METTL9"
"3661","UQCRC2"
"3662","NDUFAB1"
"3663","PLK1"
"3664","RBBP6"
"3665","LCMT1"
"3666","NSMCE1"
"3667","ATXN2L"
"3668","TUFM"
"3669","SPNS1"
"3670","KIF22"
"3671","MAZ"
"3672","MVP"
"3673","CDIPT"
"3674","TMEM219"
"3675","HIRIP3"
"3676","INO80E"
"3677","ALDOA"
"3678","PPP4C"
"3679","YPEL3"
"3680","CD2BP2"
"3681","DCTPP1"
"3682","BCL7C"
"3683","ORAI3"
"3684","STX4"
"3685","VKORC1"
"3686","BCKDK"
"3687","FUS"
"3688","ZNF720"
"3689","ZNF267"
"3690","SHCBP1"
"3691","VPS35"
"3692","ORC6"
"3693","DNAJA2"
"3694","ITFG1"
"3695","PHKB"
"3696","BRD7"
"3697","CHD9"
"3698","AKTIP"
"3699","IRX3"
"3700","CRNDE"
"3701","NUDT21"
"3702","MT2A"
"3703","MT1X"
"3704","NUP93"
"3705","HERPUD1"
"3706","FAM192A"
"3707","RSPRY1"
"3708","ARL2BP"
"3709","CIAPIN1"
"3710","COQ9"
"3711","POLR2C"
"3712","KIFC3"
"3713","USB1"
"3714","CNOT1"
"3715","GOT2"
"3716","CKLF"
"3717","DYNC1LI2"
"3718","NAE1"
"3719","FAM96B"
"3720","CBFB"
"3721","TRADD"
"3722","NOL3"
"3723","E2F4"
"3724","TMEM208"
"3725","ATP6V0D1"
"3726","FAM65A"
"3727","CTCF"
"3728","ACD"
"3729","THAP11"
"3730","NUTF2"
"3731","CHTF8"
"3732","VPS4A"
"3733","NIP7"
"3734","CYB5B"
"3735","NQO1"
"3736","NOB1"
"3737","AARS"
"3738","SF3B3"
"3739","ZFHX3"
"3740","PSMD7"
"3741","GLG1"
"3742","BCAR1"
"3743","CFDP1"
"3744","TMEM170A"
"3745","GABARAPL2"
"3746","KARS"
"3747","TERF2IP"
"3748","SYCE1L"
"3749","WWOX"
"3750","CMC2"
"3751","CENPN"
"3752","GCSH"
"3753","CMIP"
"3754","MPHOSPH6"
"3755","HSBP1"
"3756","OSGIN1"
"3757","MBTPS1"
"3758","RP11-505K9.1"
"3759","COTL1"
"3760","USP10"
"3761","GINS2"
"3762","C16orf74"
"3763","EMC8"
"3764","COX4I1"
"3765","C16orf95"
"3766","MAP1LC3B"
"3767","SLC7A5"
"3768","ZC3H18"
"3769","CYBA"
"3770","MVD"
"3771","CTU2"
"3772","PIEZO1"
"3773","CDT1"
"3774","APRT"
"3775","TRAPPC2L"
"3776","ANKRD11"
"3777","SPG7"
"3778","RPL13"
"3779","CHMP1A"
"3780","SPATA33"
"3781","CDK10"
"3782","FANCA"
"3783","TCF25"
"3784","DEF8"
"3785","RPH3AL"
"3786","GLOD4"
"3787","RNMTL1"
"3788","NXN"
"3789","TIMM22"
"3790","YWHAE"
"3791","CRK"
"3792","MYO1C"
"3793","PITPNA-AS1"
"3794","PITPNA"
"3795","PRPF8"
"3796","MIR22HG"
"3797","RPA1"
"3798","TSR1"
"3799","PAFAH1B1"
"3800","CLUH"
"3801","TAX1BP3"
"3802","EMC6"
"3803","ITGAE"
"3804","CYB5D2"
"3805","UBE2G1"
"3806","PELP1"
"3807","ARRB2"
"3808","MED11"
"3809","PSMB6"
"3810","SLC25A11"
"3811","RNF167"
"3812","PFN1"
"3813","SPAG7"
"3814","KIF1C"
"3815","RABEP1"
"3816","NUP88"
"3817","RPAIN"
"3818","CTC-524C5.2"
"3819","C1QBP"
"3820","DHX33"
"3821","DERL2"
"3822","FAM64A"
"3823","TXNDC17"
"3824","MED31"
"3825","ACADVL"
"3826","PHF23"
"3827","GABARAP"
"3828","CTDNEP1"
"3829","ELP5"
"3830","EIF5A"
"3831","GPS2"
"3832","TMEM256"
"3833","POLR2A"
"3834","EIF4A1"
"3835","MPDU1"
"3836","FXR2"
"3837","SAT2"
"3838","WRAP53"
"3839","KDM6B"
"3840","CHD3"
"3841","TRAPPC1"
"3842","VAMP2"
"3843","TMEM107"
"3844","AURKB"
"3845","RANGRF"
"3846","RPL26"
"3847","STX8"
"3848","SCO1"
"3849","ELAC2"
"3850","TRIM16"
"3851","ADORA2B"
"3852","ZSWIM7"
"3853","TTC19"
"3854","NCOR1"
"3855","CENPV"
"3856","UBB"
"3857","MPRIP"
"3858","COPS3"
"3859","NT5M"
"3860","PEMT"
"3861","SREBF1"
"3862","ATPAF2"
"3863","DRG2"
"3864","ALKBH5"
"3865","FLII"
"3866","SHMT1"
"3867","TRIM16L"
"3868","PRPSAP2"
"3869","B9D1"
"3870","ALDH3A2"
"3871","USP22"
"3872","DHRS7B"
"3873","TMEM11"
"3874","MAP2K3"
"3875","WSB1"
"3876","TMEM97"
"3877","IFT20"
"3878","TNFAIP1"
"3879","POLDIP2"
"3880","TMEM199"
"3881","SPAG5"
"3882","KIAA0100"
"3883","SDF2"
"3884","RAB34"
"3885","RPL23A"
"3886","TLCD1"
"3887","TRAF4"
"3888","ERAL1"
"3889","FLOT2"
"3890","TP53I13"
"3891","GIT1"
"3892","SSH2"
"3893","NSRP1"
"3894","GOSR1"
"3895","ATAD5"
"3896","RNF135"
"3897","COPRS"
"3898","UTP6"
"3899","SUZ12"
"3900","C17orf75"
"3901","ZNF207"
"3902","PSMD11"
"3903","NLE1"
"3904","RP11-1094M14.11"
"3905","AP2B1"
"3906","RPL23"
"3907","LASP1"
"3908","RPL19"
"3909","CDK12"
"3910","ERBB2"
"3911","MIEN1"
"3912","PSMD3"
"3913","CASC3"
"3914","CDC6"
"3915","TOP2A"
"3916","IGFBP4"
"3917","SMARCE1"
"3918","KRT10"
"3919","TMEM99"
"3920","KRT19"
"3921","JUP"
"3922","EIF1"
"3923","FKBP10"
"3924","NT5C3B"
"3925","CNP"
"3926","DNAJC7"
"3927","RAB5C"
"3928","STAT3"
"3929","PTRF"
"3930","HSD17B1"
"3931","COASY"
"3932","MLX"
"3933","PSMC3IP"
"3934","TUBG1"
"3935","VPS25"
"3936","COA3"
"3937","BECN1"
"3938","PSME3"
"3939","RPL27"
"3940","VAT1"
"3941","BRCA1"
"3942","ARL4D"
"3943","ETV4"
"3944","TMEM101"
"3945","LSM12"
"3946","G6PC3"
"3947","UBTF"
"3948","SLC25A39"
"3949","GRN"
"3950","GPATCH8"
"3951","CCDC43"
"3952","EFTUD2"
"3953","NMT1"
"3954","PLCD3"
"3955","KANSL1-AS1"
"3956","GOSR2"
"3957","CDC27"
"3958","NPEPPS"
"3959","KPNB1"
"3960","MRPL10"
"3961","CDK5RAP3"
"3962","CBX1"
"3963","CALCOCO2"
"3964","ATP5G1"
"3965","UBE2Z"
"3966","SNF8"
"3967","PHB"
"3968","SPOP"
"3969","SLC35B1"
"3970","ITGA3"
"3971","COL1A1"
"3972","MRPL27"
"3973","LRRC59"
"3974","ABCC3"
"3975","LUC7L3"
"3976","TOB1"
"3977","SPAG9"
"3978","NME1"
"3979","UTP18"
"3980","TOM1L1"
"3981","COX11"
"3982","COIL"
"3983","SCPEP1"
"3984","AKAP1"
"3985","MSI2"
"3986","MRPS23"
"3987","CUEDC1"
"3988","VEZF1"
"3989","SRSF1"
"3990","DYNLL2"
"3991","SUPT4H1"
"3992","RNF43"
"3993","RAD51C"
"3994","SKA2"
"3995","PRR11"
"3996","CLTC"
"3997","PTRH2"
"3998","VMP1"
"3999","METTL2A"
"4000","CYB561"
"4001","DCAF7"
"4002","TACO1"
"4003","CCDC47"
"4004","DDX42"
"4005","FTSJ3"
"4006","PSMC5"
"4007","SMARCD2"
"4008","DDX5"
"4009","SMURF2"
"4010","PRKCA"
"4011","PSMD12"
"4012","NOL11"
"4013","BPTF"
"4014","C17orf58"
"4015","KPNA2"
"4016","AMZ2"
"4017","PRKAR1A"
"4018","SOX9"
"4019","LINC00511"
"4020","FAM104A"
"4021","RPL38"
"4022","GPRC5C"
"4023","SLC9A3R1"
"4024","NAT9"
"4025","FDXR"
"4026","ICT1"
"4027","ATP5H"
"4028","NT5C"
"4029","HN1"
"4030","SUMO2"
"4031","NUP85"
"4032","MRPS7"
"4033","MIF4GD"
"4034","SLC25A19"
"4035","GRB2"
"4036","TSEN54"
"4037","LLGL2"
"4038","SAP30BP"
"4039","ITGB4"
"4040","GALK1"
"4041","H3F3B"
"4042","UNK"
"4043","WBP2"
"4044","TRIM47"
"4045","EVPL"
"4046","SRP68"
"4047","EXOC7"
"4048","UBALD2"
"4049","PRPSAP1"
"4050","JMJD6"
"4051","METTL23"
"4052","SRSF2"
"4053","SEC14L1"
"4054","SYNGR2"
"4055","TK1"
"4056","BIRC5"
"4057","USP36"
"4058","TIMP2"
"4059","LGALS3BP"
"4060","CANT1"
"4061","CBX2"
"4062","GAA"
"4063","EIF4A3"
"4064","RNF213"
"4065","ENDOV"
"4066","BAIAP2"
"4067","C17orf89"
"4068","ACTG1"
"4069","NPLOC4"
"4070","OXLD1"
"4071","CCDC137"
"4072","ARL16"
"4073","HGS"
"4074","MRPL12"
"4075","P4HB"
"4076","ARHGDIA"
"4077","ALYREF"
"4078","ANAPC11"
"4079","PCYT2"
"4080","SIRT7"
"4081","MAFG"
"4082","PYCR1"
"4083","ASPSCR1"
"4084","STRA13"
"4085","RAC3"
"4086","DCXR"
"4087","GPS1"
"4088","DUS1L"
"4089","FASN"
"4090","CCDC57"
"4091","SLC16A3"
"4092","CSNK1D"
"4093","OGFOD3"
"4094","C17orf62"
"4095","NARF"
"4096","FOXK2"
"4097","WDR45B"
"4098","RAB40B"
"4099","FN3KRP"
"4100","B3GNTL1"
"4101","USP14"
"4102","TYMS"
"4103","ENOSF1"
"4104","NDC80"
"4105","MYL12A"
"4106","MYL12B"
"4107","TGIF1"
"4108","LINC00667"
"4109","NDUFV2"
"4110","ANKRD12"
"4111","TWSG1"
"4112","RALBP1"
"4113","RAB31"
"4114","VAPA"
"4115","CHMP1B"
"4116","IMPA2"
"4117","AFG3L2"
"4118","PSMG2"
"4119","PTPN2"
"4120","SEH1L"
"4121","FAM210A"
"4122","SNRPD1"
"4123","ABHD3"
"4124","TTC39C"
"4125","CABYR"
"4126","SS18"
"4127","RNF138"
"4128","ZNF24"
"4129","INO80C"
"4130","C18orf21"
"4131","SLC39A6"
"4132","TPGS2"
"4133","ATP5A1"
"4134","HAUS1"
"4135","SMAD2"
"4136","SMAD7"
"4137","C18orf32"
"4138","RPL17"
"4139","ACAA2"
"4140","MYO5B"
"4141","TXNL1"
"4142","FECH"
"4143","NARS"
"4144","MALT1"
"4145","SEC11C"
"4146","LMAN1"
"4147","PMAIP1"
"4148","KDSR"
"4149","VPS4B"
"4150","CYB5A"
"4151","CNDP2"
"4152","MBP"
"4153","HSBP1L1"
"4154","TXNL4A"
"4155","RBFA"
"4156","TRIB3"
"4157","RBCK1"
"4158","CSNK2A1"
"4159","SRXN1"
"4160","PSMF1"
"4161","SDCBP2"
"4162","FKBP1A"
"4163","NSFL1C"
"4164","SNRPB"
"4165","NOP56"
"4166","IDH3B"
"4167","VPS16"
"4168","PTPRA"
"4169","MRPS26"
"4170","DDRGK1"
"4171","ITPA"
"4172","C20orf27"
"4173","CENPB"
"4174","CDC25B"
"4175","PANK2"
"4176","SMOX"
"4177","PRNP"
"4178","TMEM230"
"4179","PCNA"
"4180","TRMT6"
"4181","CRLS1"
"4182","FERMT1"
"4183","TMX4"
"4184","MKKS"
"4185","JAG1"
"4186","ESF1"
"4187","NDUFAF5"
"4188","SNRPB2"
"4189","DSTN"
"4190","RRBP1"
"4191","SNX5"
"4192","MGME1"
"4193","PET117"
"4194","SEC23B"
"4195","LINC00493"
"4196","DTD1"
"4197","NAA20"
"4198","XRN2"
"4199","NXT1"
"4200","CST3"
"4201","APMAP"
"4202","ENTPD6"
"4203","PYGB"
"4204","ABHD12"
"4205","HM13"
"4206","ID1"
"4207","BCL2L1"
"4208","TPX2"
"4209","PDRG1"
"4210","TM9SF4"
"4211","ASXL1"
"4212","COMMD7"
"4213","MAPRE1"
"4214","CDK5RAP1"
"4215","NECAB3"
"4216","E2F1"
"4217","CHMP4B"
"4218","RALY"
"4219","EIF2S2"
"4220","AHCY"
"4221","DYNLRB1"
"4222","PIGU"
"4223","GSS"
"4224","TRPC4AP"
"4225","EDEM2"
"4226","PROCR"
"4227","MMP24-AS1"
"4228","EIF6"
"4229","UQCC1"
"4230","ERGIC3"
"4231","CPNE1"
"4232","NFS1"
"4233","ROMO1"
"4234","RBM39"
"4235","PHF20"
"4236","SCAND1"
"4237","LINC00657"
"4238","MYL9"
"4239","C20orf24"
"4240","NDRG3"
"4241","DSN1"
"4242","RPN2"
"4243","MANBAL"
"4244","BLCAP"
"4245","CTNNBL1"
"4246","TGM2"
"4247","FAM83D"
"4248","TOP1"
"4249","SRSF6"
"4250","IFT52"
"4251","MYBL2"
"4252","OSER1"
"4253","SERINC3"
"4254","PKIG"
"4255","YWHAB"
"4256","TOMM34"
"4257","SDC4"
"4258","SYS1"
"4259","PIGT"
"4260","DNTTIP1"
"4261","UBE2C"
"4262","ACOT8"
"4263","CTSA"
"4264","SLC35C2"
"4265","TP53RK"
"4266","ZMYND8"
"4267","CSE1L"
"4268","STAU1"
"4269","DDX27"
"4270","ZFAS1"
"4271","RNF114"
"4272","TMEM189"
"4273","CEBPB"
"4274","PTPN1"
"4275","BCAS4"
"4276","DPM1"
"4277","ZNF217"
"4278","PFDN4"
"4279","FAM210B"
"4280","AURKA"
"4281","CSTF1"
"4282","RTFDC1"
"4283","RAE1"
"4284","RBM38"
"4285","PMEPA1"
"4286","RAB22A"
"4287","VAPB"
"4288","GNAS"
"4289","NELFCD"
"4290","CTSZ"
"4291","ATP5E"
"4292","PSMA7"
"4293","MTG2"
"4294","ADRM1"
"4295","LAMA5"
"4296","RPS21"
"4297","SLCO4A1"
"4298","MRGBP"
"4299","OGFR"
"4300","GID8"
"4301","YTHDF1"
"4302","PPDPF"
"4303","ARFRP1"
"4304","SLC2A4RG"
"4305","TPD52L2"
"4306","DNAJC5"
"4307","UCKL1"
"4308","PRPF6"
"4309","TCEA2"
"4310","RGS19"
"4311","TPGS1"
"4312","CDC34"
"4313","BSG"
"4314","RNF126"
"4315","FSTL3"
"4316","MISP"
"4317","PTBP1"
"4318","CFD"
"4319","WDR18"
"4320","TMEM259"
"4321","CNN2"
"4322","ABCA7"
"4323","POLR2E"
"4324","GPX4"
"4325","ATP5D"
"4326","MIDN"
"4327","CIRBP"
"4328","C19orf24"
"4329","NDUFS7"
"4330","GAMT"
"4331","DAZAP1"
"4332","RPS15"
"4333","C19orf25"
"4334","MBD3"
"4335","TCF3"
"4336","ABHD17A"
"4337","SCAMP4"
"4338","CSNK1G2"
"4339","MKNK2"
"4340","AP3D1"
"4341","PLEKHJ1"
"4342","SF3A2"
"4343","OAZ1"
"4344","LSM7"
"4345","TIMM13"
"4346","LMNB2"
"4347","GADD45B"
"4348","SLC39A3"
"4349","SGTA"
"4350","THOP1"
"4351","AES"
"4352","GNA11"
"4353","NCLN"
"4354","NFIC"
"4355","DOHH"
"4356","FZR1"
"4357","MFSD12"
"4358","HMG20B"
"4359","MRPL54"
"4360","DAPK3"
"4361","EEF2"
"4362","ZBTB7A"
"4363","MAP2K2"
"4364","SIRT6"
"4365","STAP2"
"4366","SH3GL1"
"4367","CHAF1A"
"4368","UBXN6"
"4369","DPP9"
"4370","PLIN3"
"4371","SAFB2"
"4372","SAFB"
"4373","RPL36"
"4374","C19orf70"
"4375","HSD11B1L"
"4376","LONP1"
"4377","DUS3L"
"4378","NDUFA11"
"4379","CLPP"
"4380","ALKBH7"
"4381","GTF2F1"
"4382","KHSRP"
"4383","SLC25A23"
"4384","GPR108"
"4385","TRIP10"
"4386","PET100"
"4387","STXBP2"
"4388","MAP2K7"
"4389","SNAPC2"
"4390","CTXN1"
"4391","TIMM44"
"4392","ELAVL1"
"4393","CD320"
"4394","RPS28"
"4395","RAB11B"
"4396","HNRNPM"
"4397","MUC16"
"4398","UBL5"
"4399","PIN1"
"4400","PPAN"
"4401","EIF3G"
"4402","DNMT1"
"4403","MRPL4"
"4404","FDX1L"
"4405","ICAM3"
"4406","CDC37"
"4407","KEAP1"
"4408","CDKN2D"
"4409","AP1M2"
"4410","ILF3-AS1"
"4411","ILF3"
"4412","QTRT1"
"4413","TMED1"
"4414","YIPF2"
"4415","SMARCA4"
"4416","LDLR"
"4417","TMEM205"
"4418","PRKCSH"
"4419","ECSIT"
"4420","ELOF1"
"4421","WDR83OS"
"4422","DHPS"
"4423","C19orf43"
"4424","ASNA1"
"4425","HOOK2"
"4426","JUNB"
"4427","PRDX2"
"4428","RNASEH2A"
"4429","DNASE2"
"4430","FARSA"
"4431","CALR"
"4432","RAD23A"
"4433","GADD45GIP1"
"4434","STX10"
"4435","IER2"
"4436","C19orf53"
"4437","ASF1B"
"4438","DDX39A"
"4439","PKN1"
"4440","GIPC1"
"4441","DNAJB1"
"4442","TECR"
"4443","NDUFB7"
"4444","ILVBL"
"4445","BRD4"
"4446","TPM4"
"4447","RAB8A"
"4448","FAM32A"
"4449","AP1M1"
"4450","KLF2"
"4451","SMIM7"
"4452","USE1"
"4453","NR2F6"
"4454","BABAM1"
"4455","MRPL34"
"4456","DDA1"
"4457","MVB12A"
"4458","PGLS"
"4459","RPL18A"
"4460","CCDC124"
"4461","JUND"
"4462","LSM4"
"4463","GDF15"
"4464","SSBP4"
"4465","FKBP8"
"4466","KXD1"
"4467","UBA52"
"4468","C19orf60"
"4469","COPE"
"4470","DDX49"
"4471","HOMER3"
"4472","SUGP2"
"4473","RFXANK"
"4474","NR2C2AP"
"4475","NDUFA13"
"4476","ZNF430"
"4477","ZNF714"
"4478","ZNF431"
"4479","UQCRFS1"
"4480","POP4"
"4481","CCNE1"
"4482","URI1"
"4483","PDCD5"
"4484","CEBPG"
"4485","PEPD"
"4486","LSM14A"
"4487","GPI"
"4488","PDCD2L"
"4489","UBA2"
"4490","FXYD5"
"4491","LSR"
"4492","USF2"
"4493","TMEM147"
"4494","RBM42"
"4495","COX6B1"
"4496","PSENEN"
"4497","SDHAF1"
"4498","POLR2I"
"4499","TBCB"
"4500","CAPNS1"
"4501","ZNF146"
"4502","ZNF566"
"4503","SPINT2"
"4504","C19orf33"
"4505","YIF1B"
"4506","PSMD8"
"4507","EIF3K"
"4508","ACTN4"
"4509","HNRNPL"
"4510","NFKBIB"
"4511","MRPS12"
"4512","FBXO17"
"4513","PAK4"
"4514","SAMD4B"
"4515","PAF1"
"4516","ZFP36"
"4517","RPS16"
"4518","SUPT5H"
"4519","TIMM50"
"4520","EID2"
"4521","FBL"
"4522","PSMC4"
"4523","PLD3"
"4524","SERTAD1"
"4525","SERTAD3"
"4526","BLVRB"
"4527","SHKBP1"
"4528","LTBP4"
"4529","SNRPA"
"4530","EGLN2"
"4531","HNRNPUL1"
"4532","B9D2"
"4533","EXOSC5"
"4534","ATP5SL"
"4535","RPS19"
"4536","RABAC1"
"4537","DEDD2"
"4538","GSK3A"
"4539","PAFAH1B3"
"4540","ETHE1"
"4541","ZNF576"
"4542","ZNF428"
"4543","PLAUR"
"4544","KCNN4"
"4545","ZNF226"
"4546","BCL3"
"4547","BCAM"
"4548","PVRL2"
"4549","TOMM40"
"4550","APOE"
"4551","CLPTM1"
"4552","GEMIN7"
"4553","TRAPPC6A"
"4554","CD3EAP"
"4555","ERCC1"
"4556","FOSB"
"4557","VASP"
"4558","SNRPD2"
"4559","PPP5C"
"4560","CALM3"
"4561","STRN4"
"4562","SLC1A5"
"4563","AP2S1"
"4564","TMEM160"
"4565","SAE1"
"4566","BBC3"
"4567","NAPA"
"4568","GLTSCR2"
"4569","SEPW1"
"4570","EMP3"
"4571","KDELR1"
"4572","GRWD1"
"4573","CYTH2"
"4574","RPL18"
"4575","DBP"
"4576","BCAT2"
"4577","PPP1R15A"
"4578","NUCB1"
"4579","BAX"
"4580","FTL"
"4581","RUVBL2"
"4582","SNRNP70"
"4583","TRPM4"
"4584","PIH1D1"
"4585","RPL13A"
"4586","RPS11"
"4587","NOSIP"
"4588","RRAS"
"4589","IRF3"
"4590","BCL2L12"
"4591","PRMT1"
"4592","AP2A1"
"4593","PTOV1"
"4594","PNKP"
"4595","AKT1S1"
"4596","NUP62"
"4597","ATF5"
"4598","VRK3"
"4599","MYH14"
"4600","NR1H2"
"4601","EMC10"
"4602","JOSD2"
"4603","CLEC11A"
"4604","C19orf48"
"4605","CTU1"
"4606","ETFB"
"4607","PPP2R1A"
"4608","ZNF480"
"4609","NDUFA3"
"4610","TFPT"
"4611","PRPF31"
"4612","LENG1"
"4613","MBOAT7"
"4614","TSEN34"
"4615","RPS9"
"4616","RDH13"
"4617","TNNT1"
"4618","HSPBP1"
"4619","RPL28"
"4620","UBE2S"
"4621","ISOC2"
"4622","NAT14"
"4623","ZNF524"
"4624","ZNF580"
"4625","ZNF581"
"4626","U2AF2"
"4627","EPN1"
"4628","TRAPPC2P1"
"4629","RPS5"
"4630","SLC27A5"
"4631","TRIM28"
"4632","CHMP2A"
"4633","UBE2M"
"4634","CECR5"
"4635","ATP6V1E1"
"4636","BCL2L13"
"4637","BID"
"4638","SLC25A1"
"4639","C22orf39"
"4640","MRPL40"
"4641","UFD1L"
"4642","CDC45"
"4643","TXNRD2"
"4644","COMT"
"4645","RANBP1"
"4646","DGCR6L"
"4647","SNAP29"
"4648","THAP7"
"4649","UBE2L3"
"4650","YDJC"
"4651","SDF2L1"
"4652","CHCHD10"
"4653","SMARCB1"
"4654","MIF"
"4655","DDT"
"4656","SNRPD3"
"4657","SRRD"
"4658","HSCB"
"4659","XBP1"
"4660","EWSR1"
"4661","AP1B1"
"4662","ZMAT5"
"4663","UQCR10"
"4664","SF3A1"
"4665","MTFP1"
"4666","PES1"
"4667","SELM"
"4668","DRG1"
"4669","YWHAH"
"4670","RTCB"
"4671","FBXO7"
"4672","HMGXB4"
"4673","HMOX1"
"4674","MCM5"
"4675","RBFOX2"
"4676","MYH9"
"4677","TXN2"
"4678","EIF3D"
"4679","IFT27"
"4680","MPST"
"4681","CDC42EP1"
"4682","GGA1"
"4683","LGALS1"
"4684","TRIOBP"
"4685","H1F0"
"4686","EIF3L"
"4687","POLR2F"
"4688","MAFF"
"4689","CSNK1E"
"4690","DDX17"
"4691","CBY1"
"4692","TOMM22"
"4693","CBX6"
"4694","RPL3"
"4695","ATF4"
"4696","RPS19BP1"
"4697","ADSL"
"4698","ST13"
"4699","RBX1"
"4700","RANGAP1"
"4701","PHF5A"
"4702","ACO2"
"4703","POLR3H"
"4704","PMM1"
"4705","DESI1"
"4706","XRCC6"
"4707","CENPM"
"4708","SMDT1"
"4709","NDUFA6"
"4710","RRP7A"
"4711","CYB5R3"
"4712","ATP5L2"
"4713","BIK"
"4714","MCAT"
"4715","TSPO"
"4716","TTLL12"
"4717","SAMM50"
"4718","PARVB"
"4719","ATXN10"
"4720","WNT7B"
"4721","GTSE1"
"4722","TRMU"
"4723","CTA-29F11.1"
"4724","CRELD2"
"4725","PIM3"
"4726","TRABD"
"4727","PLXNB2"
"4728","LMF2"
"4729","SCO2"
"4730","TYMP"
"4731","CXADR"
"4732","BTG3"
"4733","MRPL39"
"4734","ATP5J"
"4735","APP"
"4736","USP16"
"4737","CCT8"
"4738","SOD1"
"4739","MIS18A"
"4740","EVA1C"
"4741","C21orf59"
"4742","IFNGR2"
"4743","TMEM50B"
"4744","GART"
"4745","SON"
"4746","DONSON"
"4747","CRYZL1"
"4748","ATP5O"
"4749","MRPS6"
"4750","RUNX1"
"4751","CBR1"
"4752","CBR3"
"4753","AP000692.10"
"4754","PIGP"
"4755","TTC3"
"4756","DSCR3"
"4757","ETS2"
"4758","PSMG1"
"4759","HMGN1"
"4760","WRB"
"4761","WDR4"
"4762","NDUFV3"
"4763","U2AF1"
"4764","SIK1"
"4765","RRP1B"
"4766","PDXK"
"4767","CSTB"
"4768","RRP1"
"4769","PFKL"
"4770","UBE2G2"
"4771","SUMO3"
"4772","PTTG1IP"
"4773","FAM207A"
"4774","SPATC1L"
"4775","YBEY"
"4776","PRMT2"
"4777","MT-ND1"
"4778","MT-ND2"
"4779","MT-CO1"
"4780","MT-CO2"
"4781","MT-ATP6"
"4782","MT-CO3"
"4783","MT-ND3"
"4784","MT-ND4L"
"4785","MT-ND4"
"4786","MT-ND5"
"4787","MT-ND6"
"4788","MT-CYB"
